filename,syllable,tone
jyutping-wong/aa1.wav,aa,1
jyutping-wong/aa2.wav,aa,2
jyutping-wong/aa3.wav,aa,3
jyutping-wong/aa4.wav,aa,4
jyutping-wong/aa5.wav,aa,5
jyutping-wong/aa6.wav,aa,6
jyutping-wong/aa7.wav,aa,7
jyutping-wong/aai1.wav,aai,1
jyutping-wong/aai2.wav,aai,2
jyutping-wong/aai3.wav,aai,3
jyutping-wong/aai4.wav,aai,4
jyutping-wong/aai5.wav,aai,5
jyutping-wong/aai6.wav,aai,6
jyutping-wong/aai7.wav,aai,7
jyutping-wong/aak1.wav,aak,1
jyutping-wong/aak2.wav,aak,2
jyutping-wong/aak3.wav,aak,3
jyutping-wong/aak4.wav,aak,4
jyutping-wong/aak5.wav,aak,5
jyutping-wong/aak6.wav,aak,6
jyutping-wong/aak7.wav,aak,7
jyutping-wong/aam1.wav,aam,1
jyutping-wong/aam2.wav,aam,2
jyutping-wong/aam3.wav,aam,3
jyutping-wong/aam4.wav,aam,4
jyutping-wong/aam5.wav,aam,5
jyutping-wong/aam6.wav,aam,6
jyutping-wong/aam7.wav,aam,7
jyutping-wong/aan1.wav,aan,1
jyutping-wong/aan2.wav,aan,2
jyutping-wong/aan3.wav,aan,3
jyutping-wong/aan4.wav,aan,4
jyutping-wong/aan5.wav,aan,5
jyutping-wong/aan6.wav,aan,6
jyutping-wong/aan7.wav,aan,7
jyutping-wong/aang1.wav,aang,1
jyutping-wong/aang2.wav,aang,2
jyutping-wong/aang3.wav,aang,3
jyutping-wong/aang4.wav,aang,4
jyutping-wong/aang5.wav,aang,5
jyutping-wong/aang6.wav,aang,6
jyutping-wong/aang7.wav,aang,7
jyutping-wong/aap1.wav,aap,1
jyutping-wong/aap2.wav,aap,2
jyutping-wong/aap3.wav,aap,3
jyutping-wong/aap4.wav,aap,4
jyutping-wong/aap5.wav,aap,5
jyutping-wong/aap6.wav,aap,6
jyutping-wong/aap7.wav,aap,7
jyutping-wong/aat1.wav,aat,1
jyutping-wong/aat2.wav,aat,2
jyutping-wong/aat3.wav,aat,3
jyutping-wong/aat4.wav,aat,4
jyutping-wong/aat5.wav,aat,5
jyutping-wong/aat6.wav,aat,6
jyutping-wong/aat7.wav,aat,7
jyutping-wong/aau1.wav,aau,1
jyutping-wong/aau2.wav,aau,2
jyutping-wong/aau3.wav,aau,3
jyutping-wong/aau4.wav,aau,4
jyutping-wong/aau5.wav,aau,5
jyutping-wong/aau6.wav,aau,6
jyutping-wong/aau7.wav,aau,7
jyutping-wong/ai1.wav,ai,1
jyutping-wong/ai2.wav,ai,2
jyutping-wong/ai3.wav,ai,3
jyutping-wong/ai4.wav,ai,4
jyutping-wong/ai5.wav,ai,5
jyutping-wong/ai6.wav,ai,6
jyutping-wong/ai7.wav,ai,7
jyutping-wong/ak1.wav,ak,1
jyutping-wong/ak2.wav,ak,2
jyutping-wong/ak3.wav,ak,3
jyutping-wong/ak4.wav,ak,4
jyutping-wong/ak5.wav,ak,5
jyutping-wong/ak6.wav,ak,6
jyutping-wong/ak7.wav,ak,7
jyutping-wong/am1.wav,am,1
jyutping-wong/am2.wav,am,2
jyutping-wong/am3.wav,am,3
jyutping-wong/am4.wav,am,4
jyutping-wong/am5.wav,am,5
jyutping-wong/am6.wav,am,6
jyutping-wong/am7.wav,am,7
jyutping-wong/an1.wav,an,1
jyutping-wong/an2.wav,an,2
jyutping-wong/an3.wav,an,3
jyutping-wong/an4.wav,an,4
jyutping-wong/an5.wav,an,5
jyutping-wong/an6.wav,an,6
jyutping-wong/an7.wav,an,7
jyutping-wong/ang1.wav,ang,1
jyutping-wong/ang2.wav,ang,2
jyutping-wong/ang3.wav,ang,3
jyutping-wong/ang4.wav,ang,4
jyutping-wong/ang5.wav,ang,5
jyutping-wong/ang6.wav,ang,6
jyutping-wong/ang7.wav,ang,7
jyutping-wong/ap1.wav,ap,1
jyutping-wong/ap2.wav,ap,2
jyutping-wong/ap3.wav,ap,3
jyutping-wong/ap4.wav,ap,4
jyutping-wong/ap5.wav,ap,5
jyutping-wong/ap6.wav,ap,6
jyutping-wong/ap7.wav,ap,7
jyutping-wong/at1.wav,at,1
jyutping-wong/at2.wav,at,2
jyutping-wong/at3.wav,at,3
jyutping-wong/at4.wav,at,4
jyutping-wong/at5.wav,at,5
jyutping-wong/at6.wav,at,6
jyutping-wong/at7.wav,at,7
jyutping-wong/au1.wav,au,1
jyutping-wong/au2.wav,au,2
jyutping-wong/au3.wav,au,3
jyutping-wong/au4.wav,au,4
jyutping-wong/au5.wav,au,5
jyutping-wong/au6.wav,au,6
jyutping-wong/au7.wav,au,7
jyutping-wong/baa1.wav,baa,1
jyutping-wong/baa2.wav,baa,2
jyutping-wong/baa3.wav,baa,3
jyutping-wong/baa4.wav,baa,4
jyutping-wong/baa5.wav,baa,5
jyutping-wong/baa6.wav,baa,6
jyutping-wong/baa7.wav,baa,7
jyutping-wong/baai1.wav,baai,1
jyutping-wong/baai2.wav,baai,2
jyutping-wong/baai3.wav,baai,3
jyutping-wong/baai4.wav,baai,4
jyutping-wong/baai5.wav,baai,5
jyutping-wong/baai6.wav,baai,6
jyutping-wong/baai7.wav,baai,7
jyutping-wong/baak1.wav,baak,1
jyutping-wong/baak2.wav,baak,2
jyutping-wong/baak3.wav,baak,3
jyutping-wong/baak4.wav,baak,4
jyutping-wong/baak5.wav,baak,5
jyutping-wong/baak6.wav,baak,6
jyutping-wong/baak7.wav,baak,7
jyutping-wong/baan1.wav,baan,1
jyutping-wong/baan2.wav,baan,2
jyutping-wong/baan3.wav,baan,3
jyutping-wong/baan4.wav,baan,4
jyutping-wong/baan5.wav,baan,5
jyutping-wong/baan6.wav,baan,6
jyutping-wong/baan7.wav,baan,7
jyutping-wong/baang1.wav,baang,1
jyutping-wong/baang2.wav,baang,2
jyutping-wong/baang3.wav,baang,3
jyutping-wong/baang4.wav,baang,4
jyutping-wong/baang5.wav,baang,5
jyutping-wong/baang6.wav,baang,6
jyutping-wong/baang7.wav,baang,7
jyutping-wong/baat1.wav,baat,1
jyutping-wong/baat2.wav,baat,2
jyutping-wong/baat3.wav,baat,3
jyutping-wong/baat4.wav,baat,4
jyutping-wong/baat5.wav,baat,5
jyutping-wong/baat6.wav,baat,6
jyutping-wong/baat7.wav,baat,7
jyutping-wong/baau1.wav,baau,1
jyutping-wong/baau2.wav,baau,2
jyutping-wong/baau3.wav,baau,3
jyutping-wong/baau4.wav,baau,4
jyutping-wong/baau5.wav,baau,5
jyutping-wong/baau6.wav,baau,6
jyutping-wong/baau7.wav,baau,7
jyutping-wong/bai1.wav,bai,1
jyutping-wong/bai2.wav,bai,2
jyutping-wong/bai3.wav,bai,3
jyutping-wong/bai4.wav,bai,4
jyutping-wong/bai5.wav,bai,5
jyutping-wong/bai6.wav,bai,6
jyutping-wong/bai7.wav,bai,7
jyutping-wong/bak1.wav,bak,1
jyutping-wong/bak2.wav,bak,2
jyutping-wong/bak3.wav,bak,3
jyutping-wong/bak4.wav,bak,4
jyutping-wong/bak5.wav,bak,5
jyutping-wong/bak6.wav,bak,6
jyutping-wong/bak7.wav,bak,7
jyutping-wong/bam1.wav,bam,1
jyutping-wong/bam2.wav,bam,2
jyutping-wong/bam3.wav,bam,3
jyutping-wong/bam4.wav,bam,4
jyutping-wong/bam5.wav,bam,5
jyutping-wong/bam6.wav,bam,6
jyutping-wong/bam7.wav,bam,7
jyutping-wong/ban1.wav,ban,1
jyutping-wong/ban2.wav,ban,2
jyutping-wong/ban3.wav,ban,3
jyutping-wong/ban4.wav,ban,4
jyutping-wong/ban5.wav,ban,5
jyutping-wong/ban6.wav,ban,6
jyutping-wong/ban7.wav,ban,7
jyutping-wong/bang1.wav,bang,1
jyutping-wong/bang2.wav,bang,2
jyutping-wong/bang3.wav,bang,3
jyutping-wong/bang4.wav,bang,4
jyutping-wong/bang5.wav,bang,5
jyutping-wong/bang6.wav,bang,6
jyutping-wong/bang7.wav,bang,7
jyutping-wong/bat1.wav,bat,1
jyutping-wong/bat2.wav,bat,2
jyutping-wong/bat3.wav,bat,3
jyutping-wong/bat4.wav,bat,4
jyutping-wong/bat5.wav,bat,5
jyutping-wong/bat6.wav,bat,6
jyutping-wong/bat7.wav,bat,7
jyutping-wong/bau1.wav,bau,1
jyutping-wong/bau2.wav,bau,2
jyutping-wong/bau3.wav,bau,3
jyutping-wong/bau4.wav,bau,4
jyutping-wong/bau5.wav,bau,5
jyutping-wong/bau6.wav,bau,6
jyutping-wong/bau7.wav,bau,7
jyutping-wong/be1.wav,be,1
jyutping-wong/be2.wav,be,2
jyutping-wong/be3.wav,be,3
jyutping-wong/be4.wav,be,4
jyutping-wong/be5.wav,be,5
jyutping-wong/be6.wav,be,6
jyutping-wong/be7.wav,be,7
jyutping-wong/bei1.wav,bei,1
jyutping-wong/bei2.wav,bei,2
jyutping-wong/bei3.wav,bei,3
jyutping-wong/bei4.wav,bei,4
jyutping-wong/bei5.wav,bei,5
jyutping-wong/bei6.wav,bei,6
jyutping-wong/bei7.wav,bei,7
jyutping-wong/bek1.wav,bek,1
jyutping-wong/bek2.wav,bek,2
jyutping-wong/bek3.wav,bek,3
jyutping-wong/bek4.wav,bek,4
jyutping-wong/bek5.wav,bek,5
jyutping-wong/bek6.wav,bek,6
jyutping-wong/bek7.wav,bek,7
jyutping-wong/beng1.wav,beng,1
jyutping-wong/beng2.wav,beng,2
jyutping-wong/beng3.wav,beng,3
jyutping-wong/beng4.wav,beng,4
jyutping-wong/beng5.wav,beng,5
jyutping-wong/beng6.wav,beng,6
jyutping-wong/beng7.wav,beng,7
jyutping-wong/bik1.wav,bik,1
jyutping-wong/bik2.wav,bik,2
jyutping-wong/bik3.wav,bik,3
jyutping-wong/bik4.wav,bik,4
jyutping-wong/bik5.wav,bik,5
jyutping-wong/bik6.wav,bik,6
jyutping-wong/bik7.wav,bik,7
jyutping-wong/bin1.wav,bin,1
jyutping-wong/bin2.wav,bin,2
jyutping-wong/bin3.wav,bin,3
jyutping-wong/bin4.wav,bin,4
jyutping-wong/bin5.wav,bin,5
jyutping-wong/bin6.wav,bin,6
jyutping-wong/bin7.wav,bin,7
jyutping-wong/bing1.wav,bing,1
jyutping-wong/bing2.wav,bing,2
jyutping-wong/bing3.wav,bing,3
jyutping-wong/bing4.wav,bing,4
jyutping-wong/bing5.wav,bing,5
jyutping-wong/bing6.wav,bing,6
jyutping-wong/bing7.wav,bing,7
jyutping-wong/bit1.wav,bit,1
jyutping-wong/bit2.wav,bit,2
jyutping-wong/bit3.wav,bit,3
jyutping-wong/bit4.wav,bit,4
jyutping-wong/bit5.wav,bit,5
jyutping-wong/bit6.wav,bit,6
jyutping-wong/bit7.wav,bit,7
jyutping-wong/biu1.wav,biu,1
jyutping-wong/biu2.wav,biu,2
jyutping-wong/biu3.wav,biu,3
jyutping-wong/biu4.wav,biu,4
jyutping-wong/biu5.wav,biu,5
jyutping-wong/biu6.wav,biu,6
jyutping-wong/biu7.wav,biu,7
jyutping-wong/bo1.wav,bo,1
jyutping-wong/bo2.wav,bo,2
jyutping-wong/bo3.wav,bo,3
jyutping-wong/bo4.wav,bo,4
jyutping-wong/bo5.wav,bo,5
jyutping-wong/bo6.wav,bo,6
jyutping-wong/bo7.wav,bo,7
jyutping-wong/bok1.wav,bok,1
jyutping-wong/bok2.wav,bok,2
jyutping-wong/bok3.wav,bok,3
jyutping-wong/bok4.wav,bok,4
jyutping-wong/bok5.wav,bok,5
jyutping-wong/bok6.wav,bok,6
jyutping-wong/bok7.wav,bok,7
jyutping-wong/bong1.wav,bong,1
jyutping-wong/bong2.wav,bong,2
jyutping-wong/bong3.wav,bong,3
jyutping-wong/bong4.wav,bong,4
jyutping-wong/bong5.wav,bong,5
jyutping-wong/bong6.wav,bong,6
jyutping-wong/bong7.wav,bong,7
jyutping-wong/bou1.wav,bou,1
jyutping-wong/bou2.wav,bou,2
jyutping-wong/bou3.wav,bou,3
jyutping-wong/bou4.wav,bou,4
jyutping-wong/bou5.wav,bou,5
jyutping-wong/bou6.wav,bou,6
jyutping-wong/bou7.wav,bou,7
jyutping-wong/bu1.wav,bu,1
jyutping-wong/bu2.wav,bu,2
jyutping-wong/bu3.wav,bu,3
jyutping-wong/bu4.wav,bu,4
jyutping-wong/bu5.wav,bu,5
jyutping-wong/bu6.wav,bu,6
jyutping-wong/bu7.wav,bu,7
jyutping-wong/bui1.wav,bui,1
jyutping-wong/bui2.wav,bui,2
jyutping-wong/bui3.wav,bui,3
jyutping-wong/bui4.wav,bui,4
jyutping-wong/bui5.wav,bui,5
jyutping-wong/bui6.wav,bui,6
jyutping-wong/bui7.wav,bui,7
jyutping-wong/buk1.wav,buk,1
jyutping-wong/buk2.wav,buk,2
jyutping-wong/buk3.wav,buk,3
jyutping-wong/buk4.wav,buk,4
jyutping-wong/buk5.wav,buk,5
jyutping-wong/buk6.wav,buk,6
jyutping-wong/buk7.wav,buk,7
jyutping-wong/bun1.wav,bun,1
jyutping-wong/bun2.wav,bun,2
jyutping-wong/bun3.wav,bun,3
jyutping-wong/bun4.wav,bun,4
jyutping-wong/bun5.wav,bun,5
jyutping-wong/bun6.wav,bun,6
jyutping-wong/bun7.wav,bun,7
jyutping-wong/bung1.wav,bung,1
jyutping-wong/bung2.wav,bung,2
jyutping-wong/bung3.wav,bung,3
jyutping-wong/bung4.wav,bung,4
jyutping-wong/bung5.wav,bung,5
jyutping-wong/bung6.wav,bung,6
jyutping-wong/bung7.wav,bung,7
jyutping-wong/but1.wav,but,1
jyutping-wong/but2.wav,but,2
jyutping-wong/but3.wav,but,3
jyutping-wong/but4.wav,but,4
jyutping-wong/but5.wav,but,5
jyutping-wong/but6.wav,but,6
jyutping-wong/but7.wav,but,7
jyutping-wong/caa1.wav,caa,1
jyutping-wong/caa2.wav,caa,2
jyutping-wong/caa3.wav,caa,3
jyutping-wong/caa4.wav,caa,4
jyutping-wong/caa5.wav,caa,5
jyutping-wong/caa6.wav,caa,6
jyutping-wong/caa7.wav,caa,7
jyutping-wong/caai1.wav,caai,1
jyutping-wong/caai2.wav,caai,2
jyutping-wong/caai3.wav,caai,3
jyutping-wong/caai4.wav,caai,4
jyutping-wong/caai5.wav,caai,5
jyutping-wong/caai6.wav,caai,6
jyutping-wong/caai7.wav,caai,7
jyutping-wong/caak1.wav,caak,1
jyutping-wong/caak2.wav,caak,2
jyutping-wong/caak3.wav,caak,3
jyutping-wong/caak4.wav,caak,4
jyutping-wong/caak5.wav,caak,5
jyutping-wong/caak6.wav,caak,6
jyutping-wong/caak7.wav,caak,7
jyutping-wong/caam1.wav,caam,1
jyutping-wong/caam2.wav,caam,2
jyutping-wong/caam3.wav,caam,3
jyutping-wong/caam4.wav,caam,4
jyutping-wong/caam5.wav,caam,5
jyutping-wong/caam6.wav,caam,6
jyutping-wong/caam7.wav,caam,7
jyutping-wong/caan1.wav,caan,1
jyutping-wong/caan2.wav,caan,2
jyutping-wong/caan3.wav,caan,3
jyutping-wong/caan4.wav,caan,4
jyutping-wong/caan5.wav,caan,5
jyutping-wong/caan6.wav,caan,6
jyutping-wong/caan7.wav,caan,7
jyutping-wong/caang1.wav,caang,1
jyutping-wong/caang2.wav,caang,2
jyutping-wong/caang3.wav,caang,3
jyutping-wong/caang4.wav,caang,4
jyutping-wong/caang5.wav,caang,5
jyutping-wong/caang6.wav,caang,6
jyutping-wong/caang7.wav,caang,7
jyutping-wong/caap1.wav,caap,1
jyutping-wong/caap2.wav,caap,2
jyutping-wong/caap3.wav,caap,3
jyutping-wong/caap4.wav,caap,4
jyutping-wong/caap5.wav,caap,5
jyutping-wong/caap6.wav,caap,6
jyutping-wong/caap7.wav,caap,7
jyutping-wong/caat1.wav,caat,1
jyutping-wong/caat2.wav,caat,2
jyutping-wong/caat3.wav,caat,3
jyutping-wong/caat4.wav,caat,4
jyutping-wong/caat5.wav,caat,5
jyutping-wong/caat6.wav,caat,6
jyutping-wong/caat7.wav,caat,7
jyutping-wong/caau1.wav,caau,1
jyutping-wong/caau2.wav,caau,2
jyutping-wong/caau3.wav,caau,3
jyutping-wong/caau4.wav,caau,4
jyutping-wong/caau5.wav,caau,5
jyutping-wong/caau6.wav,caau,6
jyutping-wong/caau7.wav,caau,7
jyutping-wong/cai1.wav,cai,1
jyutping-wong/cai2.wav,cai,2
jyutping-wong/cai3.wav,cai,3
jyutping-wong/cai4.wav,cai,4
jyutping-wong/cai5.wav,cai,5
jyutping-wong/cai6.wav,cai,6
jyutping-wong/cai7.wav,cai,7
jyutping-wong/cak1.wav,cak,1
jyutping-wong/cak2.wav,cak,2
jyutping-wong/cak3.wav,cak,3
jyutping-wong/cak4.wav,cak,4
jyutping-wong/cak5.wav,cak,5
jyutping-wong/cak6.wav,cak,6
jyutping-wong/cak7.wav,cak,7
jyutping-wong/cam1.wav,cam,1
jyutping-wong/cam2.wav,cam,2
jyutping-wong/cam3.wav,cam,3
jyutping-wong/cam4.wav,cam,4
jyutping-wong/cam5.wav,cam,5
jyutping-wong/cam6.wav,cam,6
jyutping-wong/cam7.wav,cam,7
jyutping-wong/can1.wav,can,1
jyutping-wong/can2.wav,can,2
jyutping-wong/can3.wav,can,3
jyutping-wong/can4.wav,can,4
jyutping-wong/can5.wav,can,5
jyutping-wong/can6.wav,can,6
jyutping-wong/can7.wav,can,7
jyutping-wong/cang1.wav,cang,1
jyutping-wong/cang2.wav,cang,2
jyutping-wong/cang3.wav,cang,3
jyutping-wong/cang4.wav,cang,4
jyutping-wong/cang5.wav,cang,5
jyutping-wong/cang6.wav,cang,6
jyutping-wong/cang7.wav,cang,7
jyutping-wong/cap1.wav,cap,1
jyutping-wong/cap2.wav,cap,2
jyutping-wong/cap3.wav,cap,3
jyutping-wong/cap4.wav,cap,4
jyutping-wong/cap5.wav,cap,5
jyutping-wong/cap6.wav,cap,6
jyutping-wong/cap7.wav,cap,7
jyutping-wong/cat1.wav,cat,1
jyutping-wong/cat2.wav,cat,2
jyutping-wong/cat3.wav,cat,3
jyutping-wong/cat4.wav,cat,4
jyutping-wong/cat5.wav,cat,5
jyutping-wong/cat6.wav,cat,6
jyutping-wong/cat7.wav,cat,7
jyutping-wong/cau1.wav,cau,1
jyutping-wong/cau2.wav,cau,2
jyutping-wong/cau3.wav,cau,3
jyutping-wong/cau4.wav,cau,4
jyutping-wong/cau5.wav,cau,5
jyutping-wong/cau6.wav,cau,6
jyutping-wong/cau7.wav,cau,7
jyutping-wong/ce1.wav,ce,1
jyutping-wong/ce2.wav,ce,2
jyutping-wong/ce3.wav,ce,3
jyutping-wong/ce4.wav,ce,4
jyutping-wong/ce5.wav,ce,5
jyutping-wong/ce6.wav,ce,6
jyutping-wong/ce7.wav,ce,7
jyutping-wong/cek1.wav,cek,1
jyutping-wong/cek2.wav,cek,2
jyutping-wong/cek3.wav,cek,3
jyutping-wong/cek4.wav,cek,4
jyutping-wong/cek5.wav,cek,5
jyutping-wong/cek6.wav,cek,6
jyutping-wong/cek7.wav,cek,7
jyutping-wong/ceng1.wav,ceng,1
jyutping-wong/ceng2.wav,ceng,2
jyutping-wong/ceng3.wav,ceng,3
jyutping-wong/ceng4.wav,ceng,4
jyutping-wong/ceng5.wav,ceng,5
jyutping-wong/ceng6.wav,ceng,6
jyutping-wong/ceng7.wav,ceng,7
jyutping-wong/ceoi1.wav,ceoi,1
jyutping-wong/ceoi2.wav,ceoi,2
jyutping-wong/ceoi3.wav,ceoi,3
jyutping-wong/ceoi4.wav,ceoi,4
jyutping-wong/ceoi5.wav,ceoi,5
jyutping-wong/ceoi6.wav,ceoi,6
jyutping-wong/ceoi7.wav,ceoi,7
jyutping-wong/ceon1.wav,ceon,1
jyutping-wong/ceon2.wav,ceon,2
jyutping-wong/ceon3.wav,ceon,3
jyutping-wong/ceon4.wav,ceon,4
jyutping-wong/ceon5.wav,ceon,5
jyutping-wong/ceon6.wav,ceon,6
jyutping-wong/ceon7.wav,ceon,7
jyutping-wong/ceot1.wav,ceot,1
jyutping-wong/ceot2.wav,ceot,2
jyutping-wong/ceot3.wav,ceot,3
jyutping-wong/ceot4.wav,ceot,4
jyutping-wong/ceot5.wav,ceot,5
jyutping-wong/ceot6.wav,ceot,6
jyutping-wong/ceot7.wav,ceot,7
jyutping-wong/ci1.wav,ci,1
jyutping-wong/ci2.wav,ci,2
jyutping-wong/ci3.wav,ci,3
jyutping-wong/ci4.wav,ci,4
jyutping-wong/ci5.wav,ci,5
jyutping-wong/ci6.wav,ci,6
jyutping-wong/ci7.wav,ci,7
jyutping-wong/cik1.wav,cik,1
jyutping-wong/cik2.wav,cik,2
jyutping-wong/cik3.wav,cik,3
jyutping-wong/cik4.wav,cik,4
jyutping-wong/cik5.wav,cik,5
jyutping-wong/cik6.wav,cik,6
jyutping-wong/cik7.wav,cik,7
jyutping-wong/cim1.wav,cim,1
jyutping-wong/cim2.wav,cim,2
jyutping-wong/cim3.wav,cim,3
jyutping-wong/cim4.wav,cim,4
jyutping-wong/cim5.wav,cim,5
jyutping-wong/cim6.wav,cim,6
jyutping-wong/cim7.wav,cim,7
jyutping-wong/cin1.wav,cin,1
jyutping-wong/cin2.wav,cin,2
jyutping-wong/cin3.wav,cin,3
jyutping-wong/cin4.wav,cin,4
jyutping-wong/cin5.wav,cin,5
jyutping-wong/cin6.wav,cin,6
jyutping-wong/cin7.wav,cin,7
jyutping-wong/cing1.wav,cing,1
jyutping-wong/cing2.wav,cing,2
jyutping-wong/cing3.wav,cing,3
jyutping-wong/cing4.wav,cing,4
jyutping-wong/cing5.wav,cing,5
jyutping-wong/cing6.wav,cing,6
jyutping-wong/cing7.wav,cing,7
jyutping-wong/cip1.wav,cip,1
jyutping-wong/cip2.wav,cip,2
jyutping-wong/cip3.wav,cip,3
jyutping-wong/cip4.wav,cip,4
jyutping-wong/cip5.wav,cip,5
jyutping-wong/cip6.wav,cip,6
jyutping-wong/cip7.wav,cip,7
jyutping-wong/cit1.wav,cit,1
jyutping-wong/cit2.wav,cit,2
jyutping-wong/cit3.wav,cit,3
jyutping-wong/cit4.wav,cit,4
jyutping-wong/cit5.wav,cit,5
jyutping-wong/cit6.wav,cit,6
jyutping-wong/cit7.wav,cit,7
jyutping-wong/ciu1.wav,ciu,1
jyutping-wong/ciu2.wav,ciu,2
jyutping-wong/ciu3.wav,ciu,3
jyutping-wong/ciu4.wav,ciu,4
jyutping-wong/ciu5.wav,ciu,5
jyutping-wong/ciu6.wav,ciu,6
jyutping-wong/ciu7.wav,ciu,7
jyutping-wong/co1.wav,co,1
jyutping-wong/co2.wav,co,2
jyutping-wong/co3.wav,co,3
jyutping-wong/co4.wav,co,4
jyutping-wong/co5.wav,co,5
jyutping-wong/co6.wav,co,6
jyutping-wong/co7.wav,co,7
jyutping-wong/coei1.wav,coei,1
jyutping-wong/coei2.wav,coei,2
jyutping-wong/coei3.wav,coei,3
jyutping-wong/coei4.wav,coei,4
jyutping-wong/coei5.wav,coei,5
jyutping-wong/coei6.wav,coei,6
jyutping-wong/coei7.wav,coei,7
jyutping-wong/coek1.wav,coek,1
jyutping-wong/coek2.wav,coek,2
jyutping-wong/coek3.wav,coek,3
jyutping-wong/coek4.wav,coek,4
jyutping-wong/coek5.wav,coek,5
jyutping-wong/coek6.wav,coek,6
jyutping-wong/coek7.wav,coek,7
jyutping-wong/coeng1.wav,coeng,1
jyutping-wong/coeng2.wav,coeng,2
jyutping-wong/coeng3.wav,coeng,3
jyutping-wong/coeng4.wav,coeng,4
jyutping-wong/coeng5.wav,coeng,5
jyutping-wong/coeng6.wav,coeng,6
jyutping-wong/coeng7.wav,coeng,7
jyutping-wong/coi1.wav,coi,1
jyutping-wong/coi2.wav,coi,2
jyutping-wong/coi3.wav,coi,3
jyutping-wong/coi4.wav,coi,4
jyutping-wong/coi5.wav,coi,5
jyutping-wong/coi6.wav,coi,6
jyutping-wong/coi7.wav,coi,7
jyutping-wong/cok1.wav,cok,1
jyutping-wong/cok2.wav,cok,2
jyutping-wong/cok3.wav,cok,3
jyutping-wong/cok4.wav,cok,4
jyutping-wong/cok5.wav,cok,5
jyutping-wong/cok6.wav,cok,6
jyutping-wong/cok7.wav,cok,7
jyutping-wong/cong1.wav,cong,1
jyutping-wong/cong2.wav,cong,2
jyutping-wong/cong3.wav,cong,3
jyutping-wong/cong4.wav,cong,4
jyutping-wong/cong5.wav,cong,5
jyutping-wong/cong6.wav,cong,6
jyutping-wong/cong7.wav,cong,7
jyutping-wong/cou1.wav,cou,1
jyutping-wong/cou2.wav,cou,2
jyutping-wong/cou3.wav,cou,3
jyutping-wong/cou4.wav,cou,4
jyutping-wong/cou5.wav,cou,5
jyutping-wong/cou6.wav,cou,6
jyutping-wong/cou7.wav,cou,7
jyutping-wong/cuk1.wav,cuk,1
jyutping-wong/cuk2.wav,cuk,2
jyutping-wong/cuk3.wav,cuk,3
jyutping-wong/cuk4.wav,cuk,4
jyutping-wong/cuk5.wav,cuk,5
jyutping-wong/cuk6.wav,cuk,6
jyutping-wong/cuk7.wav,cuk,7
jyutping-wong/cun1.wav,cun,1
jyutping-wong/cun2.wav,cun,2
jyutping-wong/cun3.wav,cun,3
jyutping-wong/cun4.wav,cun,4
jyutping-wong/cun5.wav,cun,5
jyutping-wong/cun6.wav,cun,6
jyutping-wong/cun7.wav,cun,7
jyutping-wong/cung1.wav,cung,1
jyutping-wong/cung2.wav,cung,2
jyutping-wong/cung3.wav,cung,3
jyutping-wong/cung4.wav,cung,4
jyutping-wong/cung5.wav,cung,5
jyutping-wong/cung6.wav,cung,6
jyutping-wong/cung7.wav,cung,7
jyutping-wong/cyu1.wav,cyu,1
jyutping-wong/cyu2.wav,cyu,2
jyutping-wong/cyu3.wav,cyu,3
jyutping-wong/cyu4.wav,cyu,4
jyutping-wong/cyu5.wav,cyu,5
jyutping-wong/cyu6.wav,cyu,6
jyutping-wong/cyu7.wav,cyu,7
jyutping-wong/cyun1.wav,cyun,1
jyutping-wong/cyun2.wav,cyun,2
jyutping-wong/cyun3.wav,cyun,3
jyutping-wong/cyun4.wav,cyun,4
jyutping-wong/cyun5.wav,cyun,5
jyutping-wong/cyun6.wav,cyun,6
jyutping-wong/cyun7.wav,cyun,7
jyutping-wong/cyut1.wav,cyut,1
jyutping-wong/cyut2.wav,cyut,2
jyutping-wong/cyut3.wav,cyut,3
jyutping-wong/cyut4.wav,cyut,4
jyutping-wong/cyut5.wav,cyut,5
jyutping-wong/cyut6.wav,cyut,6
jyutping-wong/cyut7.wav,cyut,7
jyutping-wong/daa1.wav,daa,1
jyutping-wong/daa2.wav,daa,2
jyutping-wong/daa3.wav,daa,3
jyutping-wong/daa4.wav,daa,4
jyutping-wong/daa5.wav,daa,5
jyutping-wong/daa6.wav,daa,6
jyutping-wong/daa7.wav,daa,7
jyutping-wong/daai1.wav,daai,1
jyutping-wong/daai2.wav,daai,2
jyutping-wong/daai3.wav,daai,3
jyutping-wong/daai4.wav,daai,4
jyutping-wong/daai5.wav,daai,5
jyutping-wong/daai6.wav,daai,6
jyutping-wong/daai7.wav,daai,7
jyutping-wong/daak1.wav,daak,1
jyutping-wong/daak2.wav,daak,2
jyutping-wong/daak3.wav,daak,3
jyutping-wong/daak4.wav,daak,4
jyutping-wong/daak5.wav,daak,5
jyutping-wong/daak6.wav,daak,6
jyutping-wong/daak7.wav,daak,7
jyutping-wong/daam1.wav,daam,1
jyutping-wong/daam2.wav,daam,2
jyutping-wong/daam3.wav,daam,3
jyutping-wong/daam4.wav,daam,4
jyutping-wong/daam5.wav,daam,5
jyutping-wong/daam6.wav,daam,6
jyutping-wong/daam7.wav,daam,7
jyutping-wong/daan1.wav,daan,1
jyutping-wong/daan2.wav,daan,2
jyutping-wong/daan3.wav,daan,3
jyutping-wong/daan4.wav,daan,4
jyutping-wong/daan5.wav,daan,5
jyutping-wong/daan6.wav,daan,6
jyutping-wong/daan7.wav,daan,7
jyutping-wong/daang1.wav,daang,1
jyutping-wong/daang2.wav,daang,2
jyutping-wong/daang3.wav,daang,3
jyutping-wong/daang4.wav,daang,4
jyutping-wong/daang5.wav,daang,5
jyutping-wong/daang6.wav,daang,6
jyutping-wong/daang7.wav,daang,7
jyutping-wong/daap1.wav,daap,1
jyutping-wong/daap2.wav,daap,2
jyutping-wong/daap3.wav,daap,3
jyutping-wong/daap4.wav,daap,4
jyutping-wong/daap5.wav,daap,5
jyutping-wong/daap6.wav,daap,6
jyutping-wong/daap7.wav,daap,7
jyutping-wong/daat1.wav,daat,1
jyutping-wong/daat2.wav,daat,2
jyutping-wong/daat3.wav,daat,3
jyutping-wong/daat4.wav,daat,4
jyutping-wong/daat5.wav,daat,5
jyutping-wong/daat6.wav,daat,6
jyutping-wong/daat7.wav,daat,7
jyutping-wong/daau1.wav,daau,1
jyutping-wong/daau2.wav,daau,2
jyutping-wong/daau3.wav,daau,3
jyutping-wong/daau4.wav,daau,4
jyutping-wong/daau5.wav,daau,5
jyutping-wong/daau6.wav,daau,6
jyutping-wong/daau7.wav,daau,7
jyutping-wong/dai1.wav,dai,1
jyutping-wong/dai2.wav,dai,2
jyutping-wong/dai3.wav,dai,3
jyutping-wong/dai4.wav,dai,4
jyutping-wong/dai5.wav,dai,5
jyutping-wong/dai6.wav,dai,6
jyutping-wong/dai7.wav,dai,7
jyutping-wong/dak1.wav,dak,1
jyutping-wong/dak2.wav,dak,2
jyutping-wong/dak3.wav,dak,3
jyutping-wong/dak4.wav,dak,4
jyutping-wong/dak5.wav,dak,5
jyutping-wong/dak6.wav,dak,6
jyutping-wong/dak7.wav,dak,7
jyutping-wong/dam1.wav,dam,1
jyutping-wong/dam2.wav,dam,2
jyutping-wong/dam3.wav,dam,3
jyutping-wong/dam4.wav,dam,4
jyutping-wong/dam5.wav,dam,5
jyutping-wong/dam6.wav,dam,6
jyutping-wong/dam7.wav,dam,7
jyutping-wong/dan1.wav,dan,1
jyutping-wong/dan2.wav,dan,2
jyutping-wong/dan3.wav,dan,3
jyutping-wong/dan4.wav,dan,4
jyutping-wong/dan5.wav,dan,5
jyutping-wong/dan6.wav,dan,6
jyutping-wong/dan7.wav,dan,7
jyutping-wong/dang1.wav,dang,1
jyutping-wong/dang2.wav,dang,2
jyutping-wong/dang3.wav,dang,3
jyutping-wong/dang4.wav,dang,4
jyutping-wong/dang5.wav,dang,5
jyutping-wong/dang6.wav,dang,6
jyutping-wong/dang7.wav,dang,7
jyutping-wong/dap1.wav,dap,1
jyutping-wong/dap2.wav,dap,2
jyutping-wong/dap3.wav,dap,3
jyutping-wong/dap4.wav,dap,4
jyutping-wong/dap5.wav,dap,5
jyutping-wong/dap6.wav,dap,6
jyutping-wong/dap7.wav,dap,7
jyutping-wong/dat1.wav,dat,1
jyutping-wong/dat2.wav,dat,2
jyutping-wong/dat3.wav,dat,3
jyutping-wong/dat4.wav,dat,4
jyutping-wong/dat5.wav,dat,5
jyutping-wong/dat6.wav,dat,6
jyutping-wong/dat7.wav,dat,7
jyutping-wong/dau1.wav,dau,1
jyutping-wong/dau2.wav,dau,2
jyutping-wong/dau3.wav,dau,3
jyutping-wong/dau4.wav,dau,4
jyutping-wong/dau5.wav,dau,5
jyutping-wong/dau6.wav,dau,6
jyutping-wong/dau7.wav,dau,7
jyutping-wong/de1.wav,de,1
jyutping-wong/de2.wav,de,2
jyutping-wong/de3.wav,de,3
jyutping-wong/de4.wav,de,4
jyutping-wong/de5.wav,de,5
jyutping-wong/de6.wav,de,6
jyutping-wong/de7.wav,de,7
jyutping-wong/dei1.wav,dei,1
jyutping-wong/dei2.wav,dei,2
jyutping-wong/dei3.wav,dei,3
jyutping-wong/dei4.wav,dei,4
jyutping-wong/dei5.wav,dei,5
jyutping-wong/dei6.wav,dei,6
jyutping-wong/dei7.wav,dei,7
jyutping-wong/dek1.wav,dek,1
jyutping-wong/dek2.wav,dek,2
jyutping-wong/dek3.wav,dek,3
jyutping-wong/dek4.wav,dek,4
jyutping-wong/dek5.wav,dek,5
jyutping-wong/dek6.wav,dek,6
jyutping-wong/dek7.wav,dek,7
jyutping-wong/deng1.wav,deng,1
jyutping-wong/deng2.wav,deng,2
jyutping-wong/deng3.wav,deng,3
jyutping-wong/deng4.wav,deng,4
jyutping-wong/deng5.wav,deng,5
jyutping-wong/deng6.wav,deng,6
jyutping-wong/deng7.wav,deng,7
jyutping-wong/deoi1.wav,deoi,1
jyutping-wong/deoi2.wav,deoi,2
jyutping-wong/deoi3.wav,deoi,3
jyutping-wong/deoi4.wav,deoi,4
jyutping-wong/deoi5.wav,deoi,5
jyutping-wong/deoi6.wav,deoi,6
jyutping-wong/deoi7.wav,deoi,7
jyutping-wong/deon1.wav,deon,1
jyutping-wong/deon2.wav,deon,2
jyutping-wong/deon3.wav,deon,3
jyutping-wong/deon4.wav,deon,4
jyutping-wong/deon5.wav,deon,5
jyutping-wong/deon6.wav,deon,6
jyutping-wong/deon7.wav,deon,7
jyutping-wong/deot1.wav,deot,1
jyutping-wong/deot2.wav,deot,2
jyutping-wong/deot3.wav,deot,3
jyutping-wong/deot4.wav,deot,4
jyutping-wong/deot5.wav,deot,5
jyutping-wong/deot6.wav,deot,6
jyutping-wong/deot7.wav,deot,7
jyutping-wong/deu1.wav,deu,1
jyutping-wong/deu2.wav,deu,2
jyutping-wong/deu3.wav,deu,3
jyutping-wong/deu4.wav,deu,4
jyutping-wong/deu5.wav,deu,5
jyutping-wong/deu6.wav,deu,6
jyutping-wong/deu7.wav,deu,7
jyutping-wong/di1.wav,di,1
jyutping-wong/di2.wav,di,2
jyutping-wong/di3.wav,di,3
jyutping-wong/di4.wav,di,4
jyutping-wong/di5.wav,di,5
jyutping-wong/di6.wav,di,6
jyutping-wong/di7.wav,di,7
jyutping-wong/dik1.wav,dik,1
jyutping-wong/dik2.wav,dik,2
jyutping-wong/dik3.wav,dik,3
jyutping-wong/dik4.wav,dik,4
jyutping-wong/dik5.wav,dik,5
jyutping-wong/dik6.wav,dik,6
jyutping-wong/dik7.wav,dik,7
jyutping-wong/dim1.wav,dim,1
jyutping-wong/dim2.wav,dim,2
jyutping-wong/dim3.wav,dim,3
jyutping-wong/dim4.wav,dim,4
jyutping-wong/dim5.wav,dim,5
jyutping-wong/dim6.wav,dim,6
jyutping-wong/dim7.wav,dim,7
jyutping-wong/din1.wav,din,1
jyutping-wong/din2.wav,din,2
jyutping-wong/din3.wav,din,3
jyutping-wong/din4.wav,din,4
jyutping-wong/din5.wav,din,5
jyutping-wong/din6.wav,din,6
jyutping-wong/din7.wav,din,7
jyutping-wong/ding1.wav,ding,1
jyutping-wong/ding2.wav,ding,2
jyutping-wong/ding3.wav,ding,3
jyutping-wong/ding4.wav,ding,4
jyutping-wong/ding5.wav,ding,5
jyutping-wong/ding6.wav,ding,6
jyutping-wong/ding7.wav,ding,7
jyutping-wong/dip1.wav,dip,1
jyutping-wong/dip2.wav,dip,2
jyutping-wong/dip3.wav,dip,3
jyutping-wong/dip4.wav,dip,4
jyutping-wong/dip5.wav,dip,5
jyutping-wong/dip6.wav,dip,6
jyutping-wong/dip7.wav,dip,7
jyutping-wong/dit1.wav,dit,1
jyutping-wong/dit2.wav,dit,2
jyutping-wong/dit3.wav,dit,3
jyutping-wong/dit4.wav,dit,4
jyutping-wong/dit5.wav,dit,5
jyutping-wong/dit6.wav,dit,6
jyutping-wong/dit7.wav,dit,7
jyutping-wong/diu1.wav,diu,1
jyutping-wong/diu2.wav,diu,2
jyutping-wong/diu3.wav,diu,3
jyutping-wong/diu4.wav,diu,4
jyutping-wong/diu5.wav,diu,5
jyutping-wong/diu6.wav,diu,6
jyutping-wong/diu7.wav,diu,7
jyutping-wong/do1.wav,do,1
jyutping-wong/do2.wav,do,2
jyutping-wong/do3.wav,do,3
jyutping-wong/do4.wav,do,4
jyutping-wong/do5.wav,do,5
jyutping-wong/do6.wav,do,6
jyutping-wong/do7.wav,do,7
jyutping-wong/doe1.wav,doe,1
jyutping-wong/doe2.wav,doe,2
jyutping-wong/doe3.wav,doe,3
jyutping-wong/doe4.wav,doe,4
jyutping-wong/doe5.wav,doe,5
jyutping-wong/doe6.wav,doe,6
jyutping-wong/doe7.wav,doe,7
jyutping-wong/doek1.wav,doek,1
jyutping-wong/doek2.wav,doek,2
jyutping-wong/doek3.wav,doek,3
jyutping-wong/doek4.wav,doek,4
jyutping-wong/doek5.wav,doek,5
jyutping-wong/doek6.wav,doek,6
jyutping-wong/doek7.wav,doek,7
jyutping-wong/doeng1.wav,doeng,1
jyutping-wong/doeng2.wav,doeng,2
jyutping-wong/doeng3.wav,doeng,3
jyutping-wong/doeng4.wav,doeng,4
jyutping-wong/doeng5.wav,doeng,5
jyutping-wong/doeng6.wav,doeng,6
jyutping-wong/doeng7.wav,doeng,7
jyutping-wong/doi1.wav,doi,1
jyutping-wong/doi2.wav,doi,2
jyutping-wong/doi3.wav,doi,3
jyutping-wong/doi4.wav,doi,4
jyutping-wong/doi5.wav,doi,5
jyutping-wong/doi6.wav,doi,6
jyutping-wong/doi7.wav,doi,7
jyutping-wong/dok1.wav,dok,1
jyutping-wong/dok2.wav,dok,2
jyutping-wong/dok3.wav,dok,3
jyutping-wong/dok4.wav,dok,4
jyutping-wong/dok5.wav,dok,5
jyutping-wong/dok6.wav,dok,6
jyutping-wong/dok7.wav,dok,7
jyutping-wong/dong1.wav,dong,1
jyutping-wong/dong2.wav,dong,2
jyutping-wong/dong3.wav,dong,3
jyutping-wong/dong4.wav,dong,4
jyutping-wong/dong5.wav,dong,5
jyutping-wong/dong6.wav,dong,6
jyutping-wong/dong7.wav,dong,7
jyutping-wong/dou1.wav,dou,1
jyutping-wong/dou2.wav,dou,2
jyutping-wong/dou3.wav,dou,3
jyutping-wong/dou4.wav,dou,4
jyutping-wong/dou5.wav,dou,5
jyutping-wong/dou6.wav,dou,6
jyutping-wong/dou7.wav,dou,7
jyutping-wong/duk1.wav,duk,1
jyutping-wong/duk2.wav,duk,2
jyutping-wong/duk3.wav,duk,3
jyutping-wong/duk4.wav,duk,4
jyutping-wong/duk5.wav,duk,5
jyutping-wong/duk6.wav,duk,6
jyutping-wong/duk7.wav,duk,7
jyutping-wong/dung1.wav,dung,1
jyutping-wong/dung2.wav,dung,2
jyutping-wong/dung3.wav,dung,3
jyutping-wong/dung4.wav,dung,4
jyutping-wong/dung5.wav,dung,5
jyutping-wong/dung6.wav,dung,6
jyutping-wong/dung7.wav,dung,7
jyutping-wong/dyun1.wav,dyun,1
jyutping-wong/dyun2.wav,dyun,2
jyutping-wong/dyun3.wav,dyun,3
jyutping-wong/dyun4.wav,dyun,4
jyutping-wong/dyun5.wav,dyun,5
jyutping-wong/dyun6.wav,dyun,6
jyutping-wong/dyun7.wav,dyun,7
jyutping-wong/dyut1.wav,dyut,1
jyutping-wong/dyut2.wav,dyut,2
jyutping-wong/dyut3.wav,dyut,3
jyutping-wong/dyut4.wav,dyut,4
jyutping-wong/dyut5.wav,dyut,5
jyutping-wong/dyut6.wav,dyut,6
jyutping-wong/dyut7.wav,dyut,7
jyutping-wong/e1.wav,e,1
jyutping-wong/e2.wav,e,2
jyutping-wong/e3.wav,e,3
jyutping-wong/e4.wav,e,4
jyutping-wong/e5.wav,e,5
jyutping-wong/e6.wav,e,6
jyutping-wong/e7.wav,e,7
jyutping-wong/ei1.wav,ei,1
jyutping-wong/ei2.wav,ei,2
jyutping-wong/ei3.wav,ei,3
jyutping-wong/ei4.wav,ei,4
jyutping-wong/ei5.wav,ei,5
jyutping-wong/ei6.wav,ei,6
jyutping-wong/ei7.wav,ei,7
jyutping-wong/eot1.wav,eot,1
jyutping-wong/eot2.wav,eot,2
jyutping-wong/eot3.wav,eot,3
jyutping-wong/eot4.wav,eot,4
jyutping-wong/eot5.wav,eot,5
jyutping-wong/eot6.wav,eot,6
jyutping-wong/eot7.wav,eot,7
jyutping-wong/faa1.wav,faa,1
jyutping-wong/faa2.wav,faa,2
jyutping-wong/faa3.wav,faa,3
jyutping-wong/faa4.wav,faa,4
jyutping-wong/faa5.wav,faa,5
jyutping-wong/faa6.wav,faa,6
jyutping-wong/faa7.wav,faa,7
jyutping-wong/faai1.wav,faai,1
jyutping-wong/faai2.wav,faai,2
jyutping-wong/faai3.wav,faai,3
jyutping-wong/faai4.wav,faai,4
jyutping-wong/faai5.wav,faai,5
jyutping-wong/faai6.wav,faai,6
jyutping-wong/faai7.wav,faai,7
jyutping-wong/faak1.wav,faak,1
jyutping-wong/faak2.wav,faak,2
jyutping-wong/faak3.wav,faak,3
jyutping-wong/faak4.wav,faak,4
jyutping-wong/faak5.wav,faak,5
jyutping-wong/faak6.wav,faak,6
jyutping-wong/faak7.wav,faak,7
jyutping-wong/faan1.wav,faan,1
jyutping-wong/faan2.wav,faan,2
jyutping-wong/faan3.wav,faan,3
jyutping-wong/faan4.wav,faan,4
jyutping-wong/faan5.wav,faan,5
jyutping-wong/faan6.wav,faan,6
jyutping-wong/faan7.wav,faan,7
jyutping-wong/faat1.wav,faat,1
jyutping-wong/faat2.wav,faat,2
jyutping-wong/faat3.wav,faat,3
jyutping-wong/faat4.wav,faat,4
jyutping-wong/faat5.wav,faat,5
jyutping-wong/faat6.wav,faat,6
jyutping-wong/faat7.wav,faat,7
jyutping-wong/faau1.wav,faau,1
jyutping-wong/faau2.wav,faau,2
jyutping-wong/faau3.wav,faau,3
jyutping-wong/faau4.wav,faau,4
jyutping-wong/faau5.wav,faau,5
jyutping-wong/faau6.wav,faau,6
jyutping-wong/faau7.wav,faau,7
jyutping-wong/fai1.wav,fai,1
jyutping-wong/fai2.wav,fai,2
jyutping-wong/fai3.wav,fai,3
jyutping-wong/fai4.wav,fai,4
jyutping-wong/fai5.wav,fai,5
jyutping-wong/fai6.wav,fai,6
jyutping-wong/fai7.wav,fai,7
jyutping-wong/fan1.wav,fan,1
jyutping-wong/fan2.wav,fan,2
jyutping-wong/fan3.wav,fan,3
jyutping-wong/fan4.wav,fan,4
jyutping-wong/fan5.wav,fan,5
jyutping-wong/fan6.wav,fan,6
jyutping-wong/fan7.wav,fan,7
jyutping-wong/fang1.wav,fang,1
jyutping-wong/fang2.wav,fang,2
jyutping-wong/fang3.wav,fang,3
jyutping-wong/fang4.wav,fang,4
jyutping-wong/fang5.wav,fang,5
jyutping-wong/fang6.wav,fang,6
jyutping-wong/fang7.wav,fang,7
jyutping-wong/fat1.wav,fat,1
jyutping-wong/fat2.wav,fat,2
jyutping-wong/fat3.wav,fat,3
jyutping-wong/fat4.wav,fat,4
jyutping-wong/fat5.wav,fat,5
jyutping-wong/fat6.wav,fat,6
jyutping-wong/fat7.wav,fat,7
jyutping-wong/fau1.wav,fau,1
jyutping-wong/fau2.wav,fau,2
jyutping-wong/fau3.wav,fau,3
jyutping-wong/fau4.wav,fau,4
jyutping-wong/fau5.wav,fau,5
jyutping-wong/fau6.wav,fau,6
jyutping-wong/fau7.wav,fau,7
jyutping-wong/fe1.wav,fe,1
jyutping-wong/fe2.wav,fe,2
jyutping-wong/fe3.wav,fe,3
jyutping-wong/fe4.wav,fe,4
jyutping-wong/fe5.wav,fe,5
jyutping-wong/fe6.wav,fe,6
jyutping-wong/fe7.wav,fe,7
jyutping-wong/fei1.wav,fei,1
jyutping-wong/fei2.wav,fei,2
jyutping-wong/fei3.wav,fei,3
jyutping-wong/fei4.wav,fei,4
jyutping-wong/fei5.wav,fei,5
jyutping-wong/fei6.wav,fei,6
jyutping-wong/fei7.wav,fei,7
jyutping-wong/fik1.wav,fik,1
jyutping-wong/fik2.wav,fik,2
jyutping-wong/fik3.wav,fik,3
jyutping-wong/fik4.wav,fik,4
jyutping-wong/fik5.wav,fik,5
jyutping-wong/fik6.wav,fik,6
jyutping-wong/fik7.wav,fik,7
jyutping-wong/fing1.wav,fing,1
jyutping-wong/fing2.wav,fing,2
jyutping-wong/fing3.wav,fing,3
jyutping-wong/fing4.wav,fing,4
jyutping-wong/fing5.wav,fing,5
jyutping-wong/fing6.wav,fing,6
jyutping-wong/fing7.wav,fing,7
jyutping-wong/fit1.wav,fit,1
jyutping-wong/fit2.wav,fit,2
jyutping-wong/fit3.wav,fit,3
jyutping-wong/fit4.wav,fit,4
jyutping-wong/fit5.wav,fit,5
jyutping-wong/fit6.wav,fit,6
jyutping-wong/fit7.wav,fit,7
jyutping-wong/fiu1.wav,fiu,1
jyutping-wong/fiu2.wav,fiu,2
jyutping-wong/fiu3.wav,fiu,3
jyutping-wong/fiu4.wav,fiu,4
jyutping-wong/fiu5.wav,fiu,5
jyutping-wong/fiu6.wav,fiu,6
jyutping-wong/fiu7.wav,fiu,7
jyutping-wong/fo1.wav,fo,1
jyutping-wong/fo2.wav,fo,2
jyutping-wong/fo3.wav,fo,3
jyutping-wong/fo4.wav,fo,4
jyutping-wong/fo5.wav,fo,5
jyutping-wong/fo6.wav,fo,6
jyutping-wong/fo7.wav,fo,7
jyutping-wong/fok1.wav,fok,1
jyutping-wong/fok2.wav,fok,2
jyutping-wong/fok3.wav,fok,3
jyutping-wong/fok4.wav,fok,4
jyutping-wong/fok5.wav,fok,5
jyutping-wong/fok6.wav,fok,6
jyutping-wong/fok7.wav,fok,7
jyutping-wong/fong1.wav,fong,1
jyutping-wong/fong2.wav,fong,2
jyutping-wong/fong3.wav,fong,3
jyutping-wong/fong4.wav,fong,4
jyutping-wong/fong5.wav,fong,5
jyutping-wong/fong6.wav,fong,6
jyutping-wong/fong7.wav,fong,7
jyutping-wong/fu1.wav,fu,1
jyutping-wong/fu2.wav,fu,2
jyutping-wong/fu3.wav,fu,3
jyutping-wong/fu4.wav,fu,4
jyutping-wong/fu5.wav,fu,5
jyutping-wong/fu6.wav,fu,6
jyutping-wong/fu7.wav,fu,7
jyutping-wong/fui1.wav,fui,1
jyutping-wong/fui2.wav,fui,2
jyutping-wong/fui3.wav,fui,3
jyutping-wong/fui4.wav,fui,4
jyutping-wong/fui5.wav,fui,5
jyutping-wong/fui6.wav,fui,6
jyutping-wong/fui7.wav,fui,7
jyutping-wong/fuk1.wav,fuk,1
jyutping-wong/fuk2.wav,fuk,2
jyutping-wong/fuk3.wav,fuk,3
jyutping-wong/fuk4.wav,fuk,4
jyutping-wong/fuk5.wav,fuk,5
jyutping-wong/fuk6.wav,fuk,6
jyutping-wong/fuk7.wav,fuk,7
jyutping-wong/fun1.wav,fun,1
jyutping-wong/fun2.wav,fun,2
jyutping-wong/fun3.wav,fun,3
jyutping-wong/fun4.wav,fun,4
jyutping-wong/fun5.wav,fun,5
jyutping-wong/fun6.wav,fun,6
jyutping-wong/fun7.wav,fun,7
jyutping-wong/fung1.wav,fung,1
jyutping-wong/fung2.wav,fung,2
jyutping-wong/fung3.wav,fung,3
jyutping-wong/fung4.wav,fung,4
jyutping-wong/fung5.wav,fung,5
jyutping-wong/fung6.wav,fung,6
jyutping-wong/fung7.wav,fung,7
jyutping-wong/fut1.wav,fut,1
jyutping-wong/fut2.wav,fut,2
jyutping-wong/fut3.wav,fut,3
jyutping-wong/fut4.wav,fut,4
jyutping-wong/fut5.wav,fut,5
jyutping-wong/fut6.wav,fut,6
jyutping-wong/fut7.wav,fut,7
jyutping-wong/gaa1.wav,gaa,1
jyutping-wong/gaa2.wav,gaa,2
jyutping-wong/gaa3.wav,gaa,3
jyutping-wong/gaa4.wav,gaa,4
jyutping-wong/gaa5.wav,gaa,5
jyutping-wong/gaa6.wav,gaa,6
jyutping-wong/gaa7.wav,gaa,7
jyutping-wong/gaai1.wav,gaai,1
jyutping-wong/gaai2.wav,gaai,2
jyutping-wong/gaai3.wav,gaai,3
jyutping-wong/gaai4.wav,gaai,4
jyutping-wong/gaai5.wav,gaai,5
jyutping-wong/gaai6.wav,gaai,6
jyutping-wong/gaai7.wav,gaai,7
jyutping-wong/gaak1.wav,gaak,1
jyutping-wong/gaak2.wav,gaak,2
jyutping-wong/gaak3.wav,gaak,3
jyutping-wong/gaak4.wav,gaak,4
jyutping-wong/gaak5.wav,gaak,5
jyutping-wong/gaak6.wav,gaak,6
jyutping-wong/gaak7.wav,gaak,7
jyutping-wong/gaam1.wav,gaam,1
jyutping-wong/gaam2.wav,gaam,2
jyutping-wong/gaam3.wav,gaam,3
jyutping-wong/gaam4.wav,gaam,4
jyutping-wong/gaam5.wav,gaam,5
jyutping-wong/gaam6.wav,gaam,6
jyutping-wong/gaam7.wav,gaam,7
jyutping-wong/gaan1.wav,gaan,1
jyutping-wong/gaan2.wav,gaan,2
jyutping-wong/gaan3.wav,gaan,3
jyutping-wong/gaan4.wav,gaan,4
jyutping-wong/gaan5.wav,gaan,5
jyutping-wong/gaan6.wav,gaan,6
jyutping-wong/gaan7.wav,gaan,7
jyutping-wong/gaang1.wav,gaang,1
jyutping-wong/gaang2.wav,gaang,2
jyutping-wong/gaang3.wav,gaang,3
jyutping-wong/gaang4.wav,gaang,4
jyutping-wong/gaang5.wav,gaang,5
jyutping-wong/gaang6.wav,gaang,6
jyutping-wong/gaang7.wav,gaang,7
jyutping-wong/gaap1.wav,gaap,1
jyutping-wong/gaap2.wav,gaap,2
jyutping-wong/gaap3.wav,gaap,3
jyutping-wong/gaap4.wav,gaap,4
jyutping-wong/gaap5.wav,gaap,5
jyutping-wong/gaap6.wav,gaap,6
jyutping-wong/gaap7.wav,gaap,7
jyutping-wong/gaat1.wav,gaat,1
jyutping-wong/gaat2.wav,gaat,2
jyutping-wong/gaat3.wav,gaat,3
jyutping-wong/gaat4.wav,gaat,4
jyutping-wong/gaat5.wav,gaat,5
jyutping-wong/gaat6.wav,gaat,6
jyutping-wong/gaat7.wav,gaat,7
jyutping-wong/gaau1.wav,gaau,1
jyutping-wong/gaau2.wav,gaau,2
jyutping-wong/gaau3.wav,gaau,3
jyutping-wong/gaau4.wav,gaau,4
jyutping-wong/gaau5.wav,gaau,5
jyutping-wong/gaau6.wav,gaau,6
jyutping-wong/gaau7.wav,gaau,7
jyutping-wong/gai1.wav,gai,1
jyutping-wong/gai2.wav,gai,2
jyutping-wong/gai3.wav,gai,3
jyutping-wong/gai4.wav,gai,4
jyutping-wong/gai5.wav,gai,5
jyutping-wong/gai6.wav,gai,6
jyutping-wong/gai7.wav,gai,7
jyutping-wong/gak1.wav,gak,1
jyutping-wong/gak2.wav,gak,2
jyutping-wong/gak3.wav,gak,3
jyutping-wong/gak4.wav,gak,4
jyutping-wong/gak5.wav,gak,5
jyutping-wong/gak6.wav,gak,6
jyutping-wong/gak7.wav,gak,7
jyutping-wong/gam1.wav,gam,1
jyutping-wong/gam2.wav,gam,2
jyutping-wong/gam3.wav,gam,3
jyutping-wong/gam4.wav,gam,4
jyutping-wong/gam5.wav,gam,5
jyutping-wong/gam6.wav,gam,6
jyutping-wong/gam7.wav,gam,7
jyutping-wong/gan1.wav,gan,1
jyutping-wong/gan2.wav,gan,2
jyutping-wong/gan3.wav,gan,3
jyutping-wong/gan4.wav,gan,4
jyutping-wong/gan5.wav,gan,5
jyutping-wong/gan6.wav,gan,6
jyutping-wong/gan7.wav,gan,7
jyutping-wong/gang1.wav,gang,1
jyutping-wong/gang2.wav,gang,2
jyutping-wong/gang3.wav,gang,3
jyutping-wong/gang4.wav,gang,4
jyutping-wong/gang5.wav,gang,5
jyutping-wong/gang6.wav,gang,6
jyutping-wong/gang7.wav,gang,7
jyutping-wong/gap1.wav,gap,1
jyutping-wong/gap2.wav,gap,2
jyutping-wong/gap3.wav,gap,3
jyutping-wong/gap4.wav,gap,4
jyutping-wong/gap5.wav,gap,5
jyutping-wong/gap6.wav,gap,6
jyutping-wong/gap7.wav,gap,7
jyutping-wong/gat1.wav,gat,1
jyutping-wong/gat2.wav,gat,2
jyutping-wong/gat3.wav,gat,3
jyutping-wong/gat4.wav,gat,4
jyutping-wong/gat5.wav,gat,5
jyutping-wong/gat6.wav,gat,6
jyutping-wong/gat7.wav,gat,7
jyutping-wong/gau1.wav,gau,1
jyutping-wong/gau2.wav,gau,2
jyutping-wong/gau3.wav,gau,3
jyutping-wong/gau4.wav,gau,4
jyutping-wong/gau5.wav,gau,5
jyutping-wong/gau6.wav,gau,6
jyutping-wong/gau7.wav,gau,7
jyutping-wong/ge1.wav,ge,1
jyutping-wong/ge2.wav,ge,2
jyutping-wong/ge3.wav,ge,3
jyutping-wong/ge4.wav,ge,4
jyutping-wong/ge5.wav,ge,5
jyutping-wong/ge6.wav,ge,6
jyutping-wong/ge7.wav,ge,7
jyutping-wong/gei1.wav,gei,1
jyutping-wong/gei2.wav,gei,2
jyutping-wong/gei3.wav,gei,3
jyutping-wong/gei4.wav,gei,4
jyutping-wong/gei5.wav,gei,5
jyutping-wong/gei6.wav,gei,6
jyutping-wong/gei7.wav,gei,7
jyutping-wong/geng1.wav,geng,1
jyutping-wong/geng2.wav,geng,2
jyutping-wong/geng3.wav,geng,3
jyutping-wong/geng4.wav,geng,4
jyutping-wong/geng5.wav,geng,5
jyutping-wong/geng6.wav,geng,6
jyutping-wong/geng7.wav,geng,7
jyutping-wong/geoi1.wav,geoi,1
jyutping-wong/geoi2.wav,geoi,2
jyutping-wong/geoi3.wav,geoi,3
jyutping-wong/geoi4.wav,geoi,4
jyutping-wong/geoi5.wav,geoi,5
jyutping-wong/geoi6.wav,geoi,6
jyutping-wong/geoi7.wav,geoi,7
jyutping-wong/gep1.wav,gep,1
jyutping-wong/gep2.wav,gep,2
jyutping-wong/gep3.wav,gep,3
jyutping-wong/gep4.wav,gep,4
jyutping-wong/gep5.wav,gep,5
jyutping-wong/gep6.wav,gep,6
jyutping-wong/gep7.wav,gep,7
jyutping-wong/gi1.wav,gi,1
jyutping-wong/gi2.wav,gi,2
jyutping-wong/gi3.wav,gi,3
jyutping-wong/gi4.wav,gi,4
jyutping-wong/gi5.wav,gi,5
jyutping-wong/gi6.wav,gi,6
jyutping-wong/gi7.wav,gi,7
jyutping-wong/gik1.wav,gik,1
jyutping-wong/gik2.wav,gik,2
jyutping-wong/gik3.wav,gik,3
jyutping-wong/gik4.wav,gik,4
jyutping-wong/gik5.wav,gik,5
jyutping-wong/gik6.wav,gik,6
jyutping-wong/gik7.wav,gik,7
jyutping-wong/gim1.wav,gim,1
jyutping-wong/gim2.wav,gim,2
jyutping-wong/gim3.wav,gim,3
jyutping-wong/gim4.wav,gim,4
jyutping-wong/gim5.wav,gim,5
jyutping-wong/gim6.wav,gim,6
jyutping-wong/gim7.wav,gim,7
jyutping-wong/gin1.wav,gin,1
jyutping-wong/gin2.wav,gin,2
jyutping-wong/gin3.wav,gin,3
jyutping-wong/gin4.wav,gin,4
jyutping-wong/gin5.wav,gin,5
jyutping-wong/gin6.wav,gin,6
jyutping-wong/gin7.wav,gin,7
jyutping-wong/ging1.wav,ging,1
jyutping-wong/ging2.wav,ging,2
jyutping-wong/ging3.wav,ging,3
jyutping-wong/ging4.wav,ging,4
jyutping-wong/ging5.wav,ging,5
jyutping-wong/ging6.wav,ging,6
jyutping-wong/ging7.wav,ging,7
jyutping-wong/gip1.wav,gip,1
jyutping-wong/gip2.wav,gip,2
jyutping-wong/gip3.wav,gip,3
jyutping-wong/gip4.wav,gip,4
jyutping-wong/gip5.wav,gip,5
jyutping-wong/gip6.wav,gip,6
jyutping-wong/gip7.wav,gip,7
jyutping-wong/git1.wav,git,1
jyutping-wong/git2.wav,git,2
jyutping-wong/git3.wav,git,3
jyutping-wong/git4.wav,git,4
jyutping-wong/git5.wav,git,5
jyutping-wong/git6.wav,git,6
jyutping-wong/git7.wav,git,7
jyutping-wong/giu1.wav,giu,1
jyutping-wong/giu2.wav,giu,2
jyutping-wong/giu3.wav,giu,3
jyutping-wong/giu4.wav,giu,4
jyutping-wong/giu5.wav,giu,5
jyutping-wong/giu6.wav,giu,6
jyutping-wong/giu7.wav,giu,7
jyutping-wong/go1.wav,go,1
jyutping-wong/go2.wav,go,2
jyutping-wong/go3.wav,go,3
jyutping-wong/go4.wav,go,4
jyutping-wong/go5.wav,go,5
jyutping-wong/go6.wav,go,6
jyutping-wong/go7.wav,go,7
jyutping-wong/goe1.wav,goe,1
jyutping-wong/goe2.wav,goe,2
jyutping-wong/goe3.wav,goe,3
jyutping-wong/goe4.wav,goe,4
jyutping-wong/goe5.wav,goe,5
jyutping-wong/goe6.wav,goe,6
jyutping-wong/goe7.wav,goe,7
jyutping-wong/goei1.wav,goei,1
jyutping-wong/goei2.wav,goei,2
jyutping-wong/goei3.wav,goei,3
jyutping-wong/goei4.wav,goei,4
jyutping-wong/goei5.wav,goei,5
jyutping-wong/goei6.wav,goei,6
jyutping-wong/goei7.wav,goei,7
jyutping-wong/goek1.wav,goek,1
jyutping-wong/goek2.wav,goek,2
jyutping-wong/goek3.wav,goek,3
jyutping-wong/goek4.wav,goek,4
jyutping-wong/goek5.wav,goek,5
jyutping-wong/goek6.wav,goek,6
jyutping-wong/goek7.wav,goek,7
jyutping-wong/goeng1.wav,goeng,1
jyutping-wong/goeng2.wav,goeng,2
jyutping-wong/goeng3.wav,goeng,3
jyutping-wong/goeng4.wav,goeng,4
jyutping-wong/goeng5.wav,goeng,5
jyutping-wong/goeng6.wav,goeng,6
jyutping-wong/goeng7.wav,goeng,7
jyutping-wong/goi1.wav,goi,1
jyutping-wong/goi2.wav,goi,2
jyutping-wong/goi3.wav,goi,3
jyutping-wong/goi4.wav,goi,4
jyutping-wong/goi5.wav,goi,5
jyutping-wong/goi6.wav,goi,6
jyutping-wong/goi7.wav,goi,7
jyutping-wong/gok1.wav,gok,1
jyutping-wong/gok2.wav,gok,2
jyutping-wong/gok3.wav,gok,3
jyutping-wong/gok4.wav,gok,4
jyutping-wong/gok5.wav,gok,5
jyutping-wong/gok6.wav,gok,6
jyutping-wong/gok7.wav,gok,7
jyutping-wong/gon1.wav,gon,1
jyutping-wong/gon2.wav,gon,2
jyutping-wong/gon3.wav,gon,3
jyutping-wong/gon4.wav,gon,4
jyutping-wong/gon5.wav,gon,5
jyutping-wong/gon6.wav,gon,6
jyutping-wong/gon7.wav,gon,7
jyutping-wong/gong1.wav,gong,1
jyutping-wong/gong2.wav,gong,2
jyutping-wong/gong3.wav,gong,3
jyutping-wong/gong4.wav,gong,4
jyutping-wong/gong5.wav,gong,5
jyutping-wong/gong6.wav,gong,6
jyutping-wong/gong7.wav,gong,7
jyutping-wong/got1.wav,got,1
jyutping-wong/got2.wav,got,2
jyutping-wong/got3.wav,got,3
jyutping-wong/got4.wav,got,4
jyutping-wong/got5.wav,got,5
jyutping-wong/got6.wav,got,6
jyutping-wong/got7.wav,got,7
jyutping-wong/gou1.wav,gou,1
jyutping-wong/gou2.wav,gou,2
jyutping-wong/gou3.wav,gou,3
jyutping-wong/gou4.wav,gou,4
jyutping-wong/gou5.wav,gou,5
jyutping-wong/gou6.wav,gou,6
jyutping-wong/gou7.wav,gou,7
jyutping-wong/gu1.wav,gu,1
jyutping-wong/gu2.wav,gu,2
jyutping-wong/gu3.wav,gu,3
jyutping-wong/gu4.wav,gu,4
jyutping-wong/gu5.wav,gu,5
jyutping-wong/gu6.wav,gu,6
jyutping-wong/gu7.wav,gu,7
jyutping-wong/gui1.wav,gui,1
jyutping-wong/gui2.wav,gui,2
jyutping-wong/gui3.wav,gui,3
jyutping-wong/gui4.wav,gui,4
jyutping-wong/gui5.wav,gui,5
jyutping-wong/gui6.wav,gui,6
jyutping-wong/gui7.wav,gui,7
jyutping-wong/guk1.wav,guk,1
jyutping-wong/guk2.wav,guk,2
jyutping-wong/guk3.wav,guk,3
jyutping-wong/guk4.wav,guk,4
jyutping-wong/guk5.wav,guk,5
jyutping-wong/guk6.wav,guk,6
jyutping-wong/guk7.wav,guk,7
jyutping-wong/gun1.wav,gun,1
jyutping-wong/gun2.wav,gun,2
jyutping-wong/gun3.wav,gun,3
jyutping-wong/gun4.wav,gun,4
jyutping-wong/gun5.wav,gun,5
jyutping-wong/gun6.wav,gun,6
jyutping-wong/gun7.wav,gun,7
jyutping-wong/gung1.wav,gung,1
jyutping-wong/gung2.wav,gung,2
jyutping-wong/gung3.wav,gung,3
jyutping-wong/gung4.wav,gung,4
jyutping-wong/gung5.wav,gung,5
jyutping-wong/gung6.wav,gung,6
jyutping-wong/gung7.wav,gung,7
jyutping-wong/gut1.wav,gut,1
jyutping-wong/gut2.wav,gut,2
jyutping-wong/gut3.wav,gut,3
jyutping-wong/gut4.wav,gut,4
jyutping-wong/gut5.wav,gut,5
jyutping-wong/gut6.wav,gut,6
jyutping-wong/gut7.wav,gut,7
jyutping-wong/gwaa1.wav,gwaa,1
jyutping-wong/gwaa2.wav,gwaa,2
jyutping-wong/gwaa3.wav,gwaa,3
jyutping-wong/gwaa4.wav,gwaa,4
jyutping-wong/gwaa5.wav,gwaa,5
jyutping-wong/gwaa6.wav,gwaa,6
jyutping-wong/gwaa7.wav,gwaa,7
jyutping-wong/gwaai1.wav,gwaai,1
jyutping-wong/gwaai2.wav,gwaai,2
jyutping-wong/gwaai3.wav,gwaai,3
jyutping-wong/gwaai4.wav,gwaai,4
jyutping-wong/gwaai5.wav,gwaai,5
jyutping-wong/gwaai6.wav,gwaai,6
jyutping-wong/gwaai7.wav,gwaai,7
jyutping-wong/gwaak1.wav,gwaak,1
jyutping-wong/gwaak2.wav,gwaak,2
jyutping-wong/gwaak3.wav,gwaak,3
jyutping-wong/gwaak4.wav,gwaak,4
jyutping-wong/gwaak5.wav,gwaak,5
jyutping-wong/gwaak6.wav,gwaak,6
jyutping-wong/gwaak7.wav,gwaak,7
jyutping-wong/gwaan1.wav,gwaan,1
jyutping-wong/gwaan2.wav,gwaan,2
jyutping-wong/gwaan3.wav,gwaan,3
jyutping-wong/gwaan4.wav,gwaan,4
jyutping-wong/gwaan5.wav,gwaan,5
jyutping-wong/gwaan6.wav,gwaan,6
jyutping-wong/gwaan7.wav,gwaan,7
jyutping-wong/gwaang1.wav,gwaang,1
jyutping-wong/gwaang2.wav,gwaang,2
jyutping-wong/gwaang3.wav,gwaang,3
jyutping-wong/gwaang4.wav,gwaang,4
jyutping-wong/gwaang5.wav,gwaang,5
jyutping-wong/gwaang6.wav,gwaang,6
jyutping-wong/gwaang7.wav,gwaang,7
jyutping-wong/gwaat1.wav,gwaat,1
jyutping-wong/gwaat2.wav,gwaat,2
jyutping-wong/gwaat3.wav,gwaat,3
jyutping-wong/gwaat4.wav,gwaat,4
jyutping-wong/gwaat5.wav,gwaat,5
jyutping-wong/gwaat6.wav,gwaat,6
jyutping-wong/gwaat7.wav,gwaat,7
jyutping-wong/gwai1.wav,gwai,1
jyutping-wong/gwai2.wav,gwai,2
jyutping-wong/gwai3.wav,gwai,3
jyutping-wong/gwai4.wav,gwai,4
jyutping-wong/gwai5.wav,gwai,5
jyutping-wong/gwai6.wav,gwai,6
jyutping-wong/gwai7.wav,gwai,7
jyutping-wong/gwan1.wav,gwan,1
jyutping-wong/gwan2.wav,gwan,2
jyutping-wong/gwan3.wav,gwan,3
jyutping-wong/gwan4.wav,gwan,4
jyutping-wong/gwan5.wav,gwan,5
jyutping-wong/gwan6.wav,gwan,6
jyutping-wong/gwan7.wav,gwan,7
jyutping-wong/gwang1.wav,gwang,1
jyutping-wong/gwang2.wav,gwang,2
jyutping-wong/gwang3.wav,gwang,3
jyutping-wong/gwang4.wav,gwang,4
jyutping-wong/gwang5.wav,gwang,5
jyutping-wong/gwang6.wav,gwang,6
jyutping-wong/gwang7.wav,gwang,7
jyutping-wong/gwat1.wav,gwat,1
jyutping-wong/gwat2.wav,gwat,2
jyutping-wong/gwat3.wav,gwat,3
jyutping-wong/gwat4.wav,gwat,4
jyutping-wong/gwat5.wav,gwat,5
jyutping-wong/gwat6.wav,gwat,6
jyutping-wong/gwat7.wav,gwat,7
jyutping-wong/gwe1.wav,gwe,1
jyutping-wong/gwe2.wav,gwe,2
jyutping-wong/gwe3.wav,gwe,3
jyutping-wong/gwe4.wav,gwe,4
jyutping-wong/gwe5.wav,gwe,5
jyutping-wong/gwe6.wav,gwe,6
jyutping-wong/gwe7.wav,gwe,7
jyutping-wong/gwi1.wav,gwi,1
jyutping-wong/gwi2.wav,gwi,2
jyutping-wong/gwi3.wav,gwi,3
jyutping-wong/gwi4.wav,gwi,4
jyutping-wong/gwi5.wav,gwi,5
jyutping-wong/gwi6.wav,gwi,6
jyutping-wong/gwi7.wav,gwi,7
jyutping-wong/gwik1.wav,gwik,1
jyutping-wong/gwik2.wav,gwik,2
jyutping-wong/gwik3.wav,gwik,3
jyutping-wong/gwik4.wav,gwik,4
jyutping-wong/gwik5.wav,gwik,5
jyutping-wong/gwik6.wav,gwik,6
jyutping-wong/gwik7.wav,gwik,7
jyutping-wong/gwing1.wav,gwing,1
jyutping-wong/gwing2.wav,gwing,2
jyutping-wong/gwing3.wav,gwing,3
jyutping-wong/gwing4.wav,gwing,4
jyutping-wong/gwing5.wav,gwing,5
jyutping-wong/gwing6.wav,gwing,6
jyutping-wong/gwing7.wav,gwing,7
jyutping-wong/gwit1.wav,gwit,1
jyutping-wong/gwit2.wav,gwit,2
jyutping-wong/gwit3.wav,gwit,3
jyutping-wong/gwit4.wav,gwit,4
jyutping-wong/gwit5.wav,gwit,5
jyutping-wong/gwit6.wav,gwit,6
jyutping-wong/gwit7.wav,gwit,7
jyutping-wong/gwo1.wav,gwo,1
jyutping-wong/gwo2.wav,gwo,2
jyutping-wong/gwo3.wav,gwo,3
jyutping-wong/gwo4.wav,gwo,4
jyutping-wong/gwo5.wav,gwo,5
jyutping-wong/gwo6.wav,gwo,6
jyutping-wong/gwo7.wav,gwo,7
jyutping-wong/gwok1.wav,gwok,1
jyutping-wong/gwok2.wav,gwok,2
jyutping-wong/gwok3.wav,gwok,3
jyutping-wong/gwok4.wav,gwok,4
jyutping-wong/gwok5.wav,gwok,5
jyutping-wong/gwok6.wav,gwok,6
jyutping-wong/gwok7.wav,gwok,7
jyutping-wong/gwong1.wav,gwong,1
jyutping-wong/gwong2.wav,gwong,2
jyutping-wong/gwong3.wav,gwong,3
jyutping-wong/gwong4.wav,gwong,4
jyutping-wong/gwong5.wav,gwong,5
jyutping-wong/gwong6.wav,gwong,6
jyutping-wong/gwong7.wav,gwong,7
jyutping-wong/gwun1.wav,gwun,1
jyutping-wong/gwun2.wav,gwun,2
jyutping-wong/gwun3.wav,gwun,3
jyutping-wong/gwun4.wav,gwun,4
jyutping-wong/gwun5.wav,gwun,5
jyutping-wong/gwun6.wav,gwun,6
jyutping-wong/gwun7.wav,gwun,7
jyutping-wong/gyun1.wav,gyun,1
jyutping-wong/gyun2.wav,gyun,2
jyutping-wong/gyun3.wav,gyun,3
jyutping-wong/gyun4.wav,gyun,4
jyutping-wong/gyun5.wav,gyun,5
jyutping-wong/gyun6.wav,gyun,6
jyutping-wong/gyun7.wav,gyun,7
jyutping-wong/gyut1.wav,gyut,1
jyutping-wong/gyut2.wav,gyut,2
jyutping-wong/gyut3.wav,gyut,3
jyutping-wong/gyut4.wav,gyut,4
jyutping-wong/gyut5.wav,gyut,5
jyutping-wong/gyut6.wav,gyut,6
jyutping-wong/gyut7.wav,gyut,7
jyutping-wong/haa1.wav,haa,1
jyutping-wong/haa2.wav,haa,2
jyutping-wong/haa3.wav,haa,3
jyutping-wong/haa4.wav,haa,4
jyutping-wong/haa5.wav,haa,5
jyutping-wong/haa6.wav,haa,6
jyutping-wong/haa7.wav,haa,7
jyutping-wong/haai1.wav,haai,1
jyutping-wong/haai2.wav,haai,2
jyutping-wong/haai3.wav,haai,3
jyutping-wong/haai4.wav,haai,4
jyutping-wong/haai5.wav,haai,5
jyutping-wong/haai6.wav,haai,6
jyutping-wong/haai7.wav,haai,7
jyutping-wong/haak1.wav,haak,1
jyutping-wong/haak2.wav,haak,2
jyutping-wong/haak3.wav,haak,3
jyutping-wong/haak4.wav,haak,4
jyutping-wong/haak5.wav,haak,5
jyutping-wong/haak6.wav,haak,6
jyutping-wong/haak7.wav,haak,7
jyutping-wong/haam1.wav,haam,1
jyutping-wong/haam2.wav,haam,2
jyutping-wong/haam3.wav,haam,3
jyutping-wong/haam4.wav,haam,4
jyutping-wong/haam5.wav,haam,5
jyutping-wong/haam6.wav,haam,6
jyutping-wong/haam7.wav,haam,7
jyutping-wong/haan1.wav,haan,1
jyutping-wong/haan2.wav,haan,2
jyutping-wong/haan3.wav,haan,3
jyutping-wong/haan4.wav,haan,4
jyutping-wong/haan5.wav,haan,5
jyutping-wong/haan6.wav,haan,6
jyutping-wong/haan7.wav,haan,7
jyutping-wong/haang1.wav,haang,1
jyutping-wong/haang2.wav,haang,2
jyutping-wong/haang3.wav,haang,3
jyutping-wong/haang4.wav,haang,4
jyutping-wong/haang5.wav,haang,5
jyutping-wong/haang6.wav,haang,6
jyutping-wong/haang7.wav,haang,7
jyutping-wong/haap1.wav,haap,1
jyutping-wong/haap2.wav,haap,2
jyutping-wong/haap3.wav,haap,3
jyutping-wong/haap4.wav,haap,4
jyutping-wong/haap5.wav,haap,5
jyutping-wong/haap6.wav,haap,6
jyutping-wong/haap7.wav,haap,7
jyutping-wong/haat1.wav,haat,1
jyutping-wong/haat2.wav,haat,2
jyutping-wong/haat3.wav,haat,3
jyutping-wong/haat4.wav,haat,4
jyutping-wong/haat5.wav,haat,5
jyutping-wong/haat6.wav,haat,6
jyutping-wong/haat7.wav,haat,7
jyutping-wong/haau1.wav,haau,1
jyutping-wong/haau2.wav,haau,2
jyutping-wong/haau3.wav,haau,3
jyutping-wong/haau4.wav,haau,4
jyutping-wong/haau5.wav,haau,5
jyutping-wong/haau6.wav,haau,6
jyutping-wong/haau7.wav,haau,7
jyutping-wong/hai1.wav,hai,1
jyutping-wong/hai2.wav,hai,2
jyutping-wong/hai3.wav,hai,3
jyutping-wong/hai4.wav,hai,4
jyutping-wong/hai5.wav,hai,5
jyutping-wong/hai6.wav,hai,6
jyutping-wong/hai7.wav,hai,7
jyutping-wong/hak1.wav,hak,1
jyutping-wong/hak2.wav,hak,2
jyutping-wong/hak3.wav,hak,3
jyutping-wong/hak4.wav,hak,4
jyutping-wong/hak5.wav,hak,5
jyutping-wong/hak6.wav,hak,6
jyutping-wong/hak7.wav,hak,7
jyutping-wong/ham1.wav,ham,1
jyutping-wong/ham2.wav,ham,2
jyutping-wong/ham3.wav,ham,3
jyutping-wong/ham4.wav,ham,4
jyutping-wong/ham5.wav,ham,5
jyutping-wong/ham6.wav,ham,6
jyutping-wong/ham7.wav,ham,7
jyutping-wong/han1.wav,han,1
jyutping-wong/han2.wav,han,2
jyutping-wong/han3.wav,han,3
jyutping-wong/han4.wav,han,4
jyutping-wong/han5.wav,han,5
jyutping-wong/han6.wav,han,6
jyutping-wong/han7.wav,han,7
jyutping-wong/hang1.wav,hang,1
jyutping-wong/hang2.wav,hang,2
jyutping-wong/hang3.wav,hang,3
jyutping-wong/hang4.wav,hang,4
jyutping-wong/hang5.wav,hang,5
jyutping-wong/hang6.wav,hang,6
jyutping-wong/hang7.wav,hang,7
jyutping-wong/hao1.wav,hao,1
jyutping-wong/hao2.wav,hao,2
jyutping-wong/hao3.wav,hao,3
jyutping-wong/hao4.wav,hao,4
jyutping-wong/hao5.wav,hao,5
jyutping-wong/hao6.wav,hao,6
jyutping-wong/hao7.wav,hao,7
jyutping-wong/hap1.wav,hap,1
jyutping-wong/hap2.wav,hap,2
jyutping-wong/hap3.wav,hap,3
jyutping-wong/hap4.wav,hap,4
jyutping-wong/hap5.wav,hap,5
jyutping-wong/hap6.wav,hap,6
jyutping-wong/hap7.wav,hap,7
jyutping-wong/hat1.wav,hat,1
jyutping-wong/hat2.wav,hat,2
jyutping-wong/hat3.wav,hat,3
jyutping-wong/hat4.wav,hat,4
jyutping-wong/hat5.wav,hat,5
jyutping-wong/hat6.wav,hat,6
jyutping-wong/hat7.wav,hat,7
jyutping-wong/hau1.wav,hau,1
jyutping-wong/hau2.wav,hau,2
jyutping-wong/hau3.wav,hau,3
jyutping-wong/hau4.wav,hau,4
jyutping-wong/hau5.wav,hau,5
jyutping-wong/hau6.wav,hau,6
jyutping-wong/hau7.wav,hau,7
jyutping-wong/he1.wav,he,1
jyutping-wong/he2.wav,he,2
jyutping-wong/he3.wav,he,3
jyutping-wong/he4.wav,he,4
jyutping-wong/he5.wav,he,5
jyutping-wong/he6.wav,he,6
jyutping-wong/he7.wav,he,7
jyutping-wong/hei1.wav,hei,1
jyutping-wong/hei2.wav,hei,2
jyutping-wong/hei3.wav,hei,3
jyutping-wong/hei4.wav,hei,4
jyutping-wong/hei5.wav,hei,5
jyutping-wong/hei6.wav,hei,6
jyutping-wong/hei7.wav,hei,7
jyutping-wong/hek1.wav,hek,1
jyutping-wong/hek2.wav,hek,2
jyutping-wong/hek3.wav,hek,3
jyutping-wong/hek4.wav,hek,4
jyutping-wong/hek5.wav,hek,5
jyutping-wong/hek6.wav,hek,6
jyutping-wong/hek7.wav,hek,7
jyutping-wong/heng1.wav,heng,1
jyutping-wong/heng2.wav,heng,2
jyutping-wong/heng3.wav,heng,3
jyutping-wong/heng4.wav,heng,4
jyutping-wong/heng5.wav,heng,5
jyutping-wong/heng6.wav,heng,6
jyutping-wong/heng7.wav,heng,7
jyutping-wong/heoi1.wav,heoi,1
jyutping-wong/heoi2.wav,heoi,2
jyutping-wong/heoi3.wav,heoi,3
jyutping-wong/heoi4.wav,heoi,4
jyutping-wong/heoi5.wav,heoi,5
jyutping-wong/heoi6.wav,heoi,6
jyutping-wong/heoi7.wav,heoi,7
jyutping-wong/hi1.wav,hi,1
jyutping-wong/hi2.wav,hi,2
jyutping-wong/hi3.wav,hi,3
jyutping-wong/hi4.wav,hi,4
jyutping-wong/hi5.wav,hi,5
jyutping-wong/hi6.wav,hi,6
jyutping-wong/hi7.wav,hi,7
jyutping-wong/him1.wav,him,1
jyutping-wong/him2.wav,him,2
jyutping-wong/him3.wav,him,3
jyutping-wong/him4.wav,him,4
jyutping-wong/him5.wav,him,5
jyutping-wong/him6.wav,him,6
jyutping-wong/him7.wav,him,7
jyutping-wong/hin1.wav,hin,1
jyutping-wong/hin2.wav,hin,2
jyutping-wong/hin3.wav,hin,3
jyutping-wong/hin4.wav,hin,4
jyutping-wong/hin5.wav,hin,5
jyutping-wong/hin6.wav,hin,6
jyutping-wong/hin7.wav,hin,7
jyutping-wong/hing1.wav,hing,1
jyutping-wong/hing2.wav,hing,2
jyutping-wong/hing3.wav,hing,3
jyutping-wong/hing4.wav,hing,4
jyutping-wong/hing5.wav,hing,5
jyutping-wong/hing6.wav,hing,6
jyutping-wong/hing7.wav,hing,7
jyutping-wong/hip1.wav,hip,1
jyutping-wong/hip2.wav,hip,2
jyutping-wong/hip3.wav,hip,3
jyutping-wong/hip4.wav,hip,4
jyutping-wong/hip5.wav,hip,5
jyutping-wong/hip6.wav,hip,6
jyutping-wong/hip7.wav,hip,7
jyutping-wong/hit1.wav,hit,1
jyutping-wong/hit2.wav,hit,2
jyutping-wong/hit3.wav,hit,3
jyutping-wong/hit4.wav,hit,4
jyutping-wong/hit5.wav,hit,5
jyutping-wong/hit6.wav,hit,6
jyutping-wong/hit7.wav,hit,7
jyutping-wong/hiu1.wav,hiu,1
jyutping-wong/hiu2.wav,hiu,2
jyutping-wong/hiu3.wav,hiu,3
jyutping-wong/hiu4.wav,hiu,4
jyutping-wong/hiu5.wav,hiu,5
jyutping-wong/hiu6.wav,hiu,6
jyutping-wong/hiu7.wav,hiu,7
jyutping-wong/hm1.wav,hm,1
jyutping-wong/hm2.wav,hm,2
jyutping-wong/hm3.wav,hm,3
jyutping-wong/hm4.wav,hm,4
jyutping-wong/hm5.wav,hm,5
jyutping-wong/hm6.wav,hm,6
jyutping-wong/hm7.wav,hm,7
jyutping-wong/hng1.wav,hng,1
jyutping-wong/hng2.wav,hng,2
jyutping-wong/hng3.wav,hng,3
jyutping-wong/hng4.wav,hng,4
jyutping-wong/hng5.wav,hng,5
jyutping-wong/hng6.wav,hng,6
jyutping-wong/hng7.wav,hng,7
jyutping-wong/ho1.wav,ho,1
jyutping-wong/ho2.wav,ho,2
jyutping-wong/ho3.wav,ho,3
jyutping-wong/ho4.wav,ho,4
jyutping-wong/ho5.wav,ho,5
jyutping-wong/ho6.wav,ho,6
jyutping-wong/ho7.wav,ho,7
jyutping-wong/hoe1.wav,hoe,1
jyutping-wong/hoe2.wav,hoe,2
jyutping-wong/hoe3.wav,hoe,3
jyutping-wong/hoe4.wav,hoe,4
jyutping-wong/hoe5.wav,hoe,5
jyutping-wong/hoe6.wav,hoe,6
jyutping-wong/hoe7.wav,hoe,7
jyutping-wong/hoeng1.wav,hoeng,1
jyutping-wong/hoeng2.wav,hoeng,2
jyutping-wong/hoeng3.wav,hoeng,3
jyutping-wong/hoeng4.wav,hoeng,4
jyutping-wong/hoeng5.wav,hoeng,5
jyutping-wong/hoeng6.wav,hoeng,6
jyutping-wong/hoeng7.wav,hoeng,7
jyutping-wong/hoi1.wav,hoi,1
jyutping-wong/hoi2.wav,hoi,2
jyutping-wong/hoi3.wav,hoi,3
jyutping-wong/hoi4.wav,hoi,4
jyutping-wong/hoi5.wav,hoi,5
jyutping-wong/hoi6.wav,hoi,6
jyutping-wong/hoi7.wav,hoi,7
jyutping-wong/hok1.wav,hok,1
jyutping-wong/hok2.wav,hok,2
jyutping-wong/hok3.wav,hok,3
jyutping-wong/hok4.wav,hok,4
jyutping-wong/hok5.wav,hok,5
jyutping-wong/hok6.wav,hok,6
jyutping-wong/hok7.wav,hok,7
jyutping-wong/hon1.wav,hon,1
jyutping-wong/hon2.wav,hon,2
jyutping-wong/hon3.wav,hon,3
jyutping-wong/hon4.wav,hon,4
jyutping-wong/hon5.wav,hon,5
jyutping-wong/hon6.wav,hon,6
jyutping-wong/hon7.wav,hon,7
jyutping-wong/hong1.wav,hong,1
jyutping-wong/hong2.wav,hong,2
jyutping-wong/hong3.wav,hong,3
jyutping-wong/hong4.wav,hong,4
jyutping-wong/hong5.wav,hong,5
jyutping-wong/hong6.wav,hong,6
jyutping-wong/hong7.wav,hong,7
jyutping-wong/hot1.wav,hot,1
jyutping-wong/hot2.wav,hot,2
jyutping-wong/hot3.wav,hot,3
jyutping-wong/hot4.wav,hot,4
jyutping-wong/hot5.wav,hot,5
jyutping-wong/hot6.wav,hot,6
jyutping-wong/hot7.wav,hot,7
jyutping-wong/hou1.wav,hou,1
jyutping-wong/hou2.wav,hou,2
jyutping-wong/hou3.wav,hou,3
jyutping-wong/hou4.wav,hou,4
jyutping-wong/hou5.wav,hou,5
jyutping-wong/hou6.wav,hou,6
jyutping-wong/hou7.wav,hou,7
jyutping-wong/huk1.wav,huk,1
jyutping-wong/huk2.wav,huk,2
jyutping-wong/huk3.wav,huk,3
jyutping-wong/huk4.wav,huk,4
jyutping-wong/huk5.wav,huk,5
jyutping-wong/huk6.wav,huk,6
jyutping-wong/huk7.wav,huk,7
jyutping-wong/hung1.wav,hung,1
jyutping-wong/hung2.wav,hung,2
jyutping-wong/hung3.wav,hung,3
jyutping-wong/hung4.wav,hung,4
jyutping-wong/hung5.wav,hung,5
jyutping-wong/hung6.wav,hung,6
jyutping-wong/hung7.wav,hung,7
jyutping-wong/hyun1.wav,hyun,1
jyutping-wong/hyun2.wav,hyun,2
jyutping-wong/hyun3.wav,hyun,3
jyutping-wong/hyun4.wav,hyun,4
jyutping-wong/hyun5.wav,hyun,5
jyutping-wong/hyun6.wav,hyun,6
jyutping-wong/hyun7.wav,hyun,7
jyutping-wong/hyut1.wav,hyut,1
jyutping-wong/hyut2.wav,hyut,2
jyutping-wong/hyut3.wav,hyut,3
jyutping-wong/hyut4.wav,hyut,4
jyutping-wong/hyut5.wav,hyut,5
jyutping-wong/hyut6.wav,hyut,6
jyutping-wong/hyut7.wav,hyut,7
jyutping-wong/jaa1.wav,jaa,1
jyutping-wong/jaa2.wav,jaa,2
jyutping-wong/jaa3.wav,jaa,3
jyutping-wong/jaa4.wav,jaa,4
jyutping-wong/jaa5.wav,jaa,5
jyutping-wong/jaa6.wav,jaa,6
jyutping-wong/jaa7.wav,jaa,7
jyutping-wong/jaai1.wav,jaai,1
jyutping-wong/jaai2.wav,jaai,2
jyutping-wong/jaai3.wav,jaai,3
jyutping-wong/jaai4.wav,jaai,4
jyutping-wong/jaai5.wav,jaai,5
jyutping-wong/jaai6.wav,jaai,6
jyutping-wong/jaai7.wav,jaai,7
jyutping-wong/jaak1.wav,jaak,1
jyutping-wong/jaak2.wav,jaak,2
jyutping-wong/jaak3.wav,jaak,3
jyutping-wong/jaak4.wav,jaak,4
jyutping-wong/jaak5.wav,jaak,5
jyutping-wong/jaak6.wav,jaak,6
jyutping-wong/jaak7.wav,jaak,7
jyutping-wong/jaang1.wav,jaang,1
jyutping-wong/jaang2.wav,jaang,2
jyutping-wong/jaang3.wav,jaang,3
jyutping-wong/jaang4.wav,jaang,4
jyutping-wong/jaang5.wav,jaang,5
jyutping-wong/jaang6.wav,jaang,6
jyutping-wong/jaang7.wav,jaang,7
jyutping-wong/jaap1.wav,jaap,1
jyutping-wong/jaap2.wav,jaap,2
jyutping-wong/jaap3.wav,jaap,3
jyutping-wong/jaap4.wav,jaap,4
jyutping-wong/jaap5.wav,jaap,5
jyutping-wong/jaap6.wav,jaap,6
jyutping-wong/jaap7.wav,jaap,7
jyutping-wong/jaau1.wav,jaau,1
jyutping-wong/jaau2.wav,jaau,2
jyutping-wong/jaau3.wav,jaau,3
jyutping-wong/jaau4.wav,jaau,4
jyutping-wong/jaau5.wav,jaau,5
jyutping-wong/jaau6.wav,jaau,6
jyutping-wong/jaau7.wav,jaau,7
jyutping-wong/jai1.wav,jai,1
jyutping-wong/jai2.wav,jai,2
jyutping-wong/jai3.wav,jai,3
jyutping-wong/jai4.wav,jai,4
jyutping-wong/jai5.wav,jai,5
jyutping-wong/jai6.wav,jai,6
jyutping-wong/jai7.wav,jai,7
jyutping-wong/jam1.wav,jam,1
jyutping-wong/jam2.wav,jam,2
jyutping-wong/jam3.wav,jam,3
jyutping-wong/jam4.wav,jam,4
jyutping-wong/jam5.wav,jam,5
jyutping-wong/jam6.wav,jam,6
jyutping-wong/jam7.wav,jam,7
jyutping-wong/jan1.wav,jan,1
jyutping-wong/jan2.wav,jan,2
jyutping-wong/jan3.wav,jan,3
jyutping-wong/jan4.wav,jan,4
jyutping-wong/jan5.wav,jan,5
jyutping-wong/jan6.wav,jan,6
jyutping-wong/jan7.wav,jan,7
jyutping-wong/jap1.wav,jap,1
jyutping-wong/jap2.wav,jap,2
jyutping-wong/jap3.wav,jap,3
jyutping-wong/jap4.wav,jap,4
jyutping-wong/jap5.wav,jap,5
jyutping-wong/jap6.wav,jap,6
jyutping-wong/jap7.wav,jap,7
jyutping-wong/jat1.wav,jat,1
jyutping-wong/jat2.wav,jat,2
jyutping-wong/jat3.wav,jat,3
jyutping-wong/jat4.wav,jat,4
jyutping-wong/jat5.wav,jat,5
jyutping-wong/jat6.wav,jat,6
jyutping-wong/jat7.wav,jat,7
jyutping-wong/jau1.wav,jau,1
jyutping-wong/jau2.wav,jau,2
jyutping-wong/jau3.wav,jau,3
jyutping-wong/jau4.wav,jau,4
jyutping-wong/jau5.wav,jau,5
jyutping-wong/jau6.wav,jau,6
jyutping-wong/jau7.wav,jau,7
jyutping-wong/je1.wav,je,1
jyutping-wong/je2.wav,je,2
jyutping-wong/je3.wav,je,3
jyutping-wong/je4.wav,je,4
jyutping-wong/je5.wav,je,5
jyutping-wong/je6.wav,je,6
jyutping-wong/je7.wav,je,7
jyutping-wong/jeng1.wav,jeng,1
jyutping-wong/jeng2.wav,jeng,2
jyutping-wong/jeng3.wav,jeng,3
jyutping-wong/jeng4.wav,jeng,4
jyutping-wong/jeng5.wav,jeng,5
jyutping-wong/jeng6.wav,jeng,6
jyutping-wong/jeng7.wav,jeng,7
jyutping-wong/jeoi1.wav,jeoi,1
jyutping-wong/jeoi2.wav,jeoi,2
jyutping-wong/jeoi3.wav,jeoi,3
jyutping-wong/jeoi4.wav,jeoi,4
jyutping-wong/jeoi5.wav,jeoi,5
jyutping-wong/jeoi6.wav,jeoi,6
jyutping-wong/jeoi7.wav,jeoi,7
jyutping-wong/jeon1.wav,jeon,1
jyutping-wong/jeon2.wav,jeon,2
jyutping-wong/jeon3.wav,jeon,3
jyutping-wong/jeon4.wav,jeon,4
jyutping-wong/jeon5.wav,jeon,5
jyutping-wong/jeon6.wav,jeon,6
jyutping-wong/jeon7.wav,jeon,7
jyutping-wong/ji1.wav,ji,1
jyutping-wong/ji2.wav,ji,2
jyutping-wong/ji3.wav,ji,3
jyutping-wong/ji4.wav,ji,4
jyutping-wong/ji5.wav,ji,5
jyutping-wong/ji6.wav,ji,6
jyutping-wong/ji7.wav,ji,7
jyutping-wong/jik1.wav,jik,1
jyutping-wong/jik2.wav,jik,2
jyutping-wong/jik3.wav,jik,3
jyutping-wong/jik4.wav,jik,4
jyutping-wong/jik5.wav,jik,5
jyutping-wong/jik6.wav,jik,6
jyutping-wong/jik7.wav,jik,7
jyutping-wong/jim1.wav,jim,1
jyutping-wong/jim2.wav,jim,2
jyutping-wong/jim3.wav,jim,3
jyutping-wong/jim4.wav,jim,4
jyutping-wong/jim5.wav,jim,5
jyutping-wong/jim6.wav,jim,6
jyutping-wong/jim7.wav,jim,7
jyutping-wong/jin1.wav,jin,1
jyutping-wong/jin2.wav,jin,2
jyutping-wong/jin3.wav,jin,3
jyutping-wong/jin4.wav,jin,4
jyutping-wong/jin5.wav,jin,5
jyutping-wong/jin6.wav,jin,6
jyutping-wong/jin7.wav,jin,7
jyutping-wong/jing1.wav,jing,1
jyutping-wong/jing2.wav,jing,2
jyutping-wong/jing3.wav,jing,3
jyutping-wong/jing4.wav,jing,4
jyutping-wong/jing5.wav,jing,5
jyutping-wong/jing6.wav,jing,6
jyutping-wong/jing7.wav,jing,7
jyutping-wong/jip1.wav,jip,1
jyutping-wong/jip2.wav,jip,2
jyutping-wong/jip3.wav,jip,3
jyutping-wong/jip4.wav,jip,4
jyutping-wong/jip5.wav,jip,5
jyutping-wong/jip6.wav,jip,6
jyutping-wong/jip7.wav,jip,7
jyutping-wong/jit1.wav,jit,1
jyutping-wong/jit2.wav,jit,2
jyutping-wong/jit3.wav,jit,3
jyutping-wong/jit4.wav,jit,4
jyutping-wong/jit5.wav,jit,5
jyutping-wong/jit6.wav,jit,6
jyutping-wong/jit7.wav,jit,7
jyutping-wong/jiu1.wav,jiu,1
jyutping-wong/jiu2.wav,jiu,2
jyutping-wong/jiu3.wav,jiu,3
jyutping-wong/jiu4.wav,jiu,4
jyutping-wong/jiu5.wav,jiu,5
jyutping-wong/jiu6.wav,jiu,6
jyutping-wong/jiu7.wav,jiu,7
jyutping-wong/jo1.wav,jo,1
jyutping-wong/jo2.wav,jo,2
jyutping-wong/jo3.wav,jo,3
jyutping-wong/jo4.wav,jo,4
jyutping-wong/jo5.wav,jo,5
jyutping-wong/jo6.wav,jo,6
jyutping-wong/jo7.wav,jo,7
jyutping-wong/joek1.wav,joek,1
jyutping-wong/joek2.wav,joek,2
jyutping-wong/joek3.wav,joek,3
jyutping-wong/joek4.wav,joek,4
jyutping-wong/joek5.wav,joek,5
jyutping-wong/joek6.wav,joek,6
jyutping-wong/joek7.wav,joek,7
jyutping-wong/joeng1.wav,joeng,1
jyutping-wong/joeng2.wav,joeng,2
jyutping-wong/joeng3.wav,joeng,3
jyutping-wong/joeng4.wav,joeng,4
jyutping-wong/joeng5.wav,joeng,5
jyutping-wong/joeng6.wav,joeng,6
jyutping-wong/joeng7.wav,joeng,7
jyutping-wong/juk1.wav,juk,1
jyutping-wong/juk2.wav,juk,2
jyutping-wong/juk3.wav,juk,3
jyutping-wong/juk4.wav,juk,4
jyutping-wong/juk5.wav,juk,5
jyutping-wong/juk6.wav,juk,6
jyutping-wong/juk7.wav,juk,7
jyutping-wong/jung1.wav,jung,1
jyutping-wong/jung2.wav,jung,2
jyutping-wong/jung3.wav,jung,3
jyutping-wong/jung4.wav,jung,4
jyutping-wong/jung5.wav,jung,5
jyutping-wong/jung6.wav,jung,6
jyutping-wong/jung7.wav,jung,7
jyutping-wong/jyu1.wav,jyu,1
jyutping-wong/jyu2.wav,jyu,2
jyutping-wong/jyu3.wav,jyu,3
jyutping-wong/jyu4.wav,jyu,4
jyutping-wong/jyu5.wav,jyu,5
jyutping-wong/jyu6.wav,jyu,6
jyutping-wong/jyu7.wav,jyu,7
jyutping-wong/jyun1.wav,jyun,1
jyutping-wong/jyun2.wav,jyun,2
jyutping-wong/jyun3.wav,jyun,3
jyutping-wong/jyun4.wav,jyun,4
jyutping-wong/jyun5.wav,jyun,5
jyutping-wong/jyun6.wav,jyun,6
jyutping-wong/jyun7.wav,jyun,7
jyutping-wong/jyut1.wav,jyut,1
jyutping-wong/jyut2.wav,jyut,2
jyutping-wong/jyut3.wav,jyut,3
jyutping-wong/jyut4.wav,jyut,4
jyutping-wong/jyut5.wav,jyut,5
jyutping-wong/jyut6.wav,jyut,6
jyutping-wong/jyut7.wav,jyut,7
jyutping-wong/kaa1.wav,kaa,1
jyutping-wong/kaa2.wav,kaa,2
jyutping-wong/kaa3.wav,kaa,3
jyutping-wong/kaa4.wav,kaa,4
jyutping-wong/kaa5.wav,kaa,5
jyutping-wong/kaa6.wav,kaa,6
jyutping-wong/kaa7.wav,kaa,7
jyutping-wong/kaai1.wav,kaai,1
jyutping-wong/kaai2.wav,kaai,2
jyutping-wong/kaai3.wav,kaai,3
jyutping-wong/kaai4.wav,kaai,4
jyutping-wong/kaai5.wav,kaai,5
jyutping-wong/kaai6.wav,kaai,6
jyutping-wong/kaai7.wav,kaai,7
jyutping-wong/kaak1.wav,kaak,1
jyutping-wong/kaak2.wav,kaak,2
jyutping-wong/kaak3.wav,kaak,3
jyutping-wong/kaak4.wav,kaak,4
jyutping-wong/kaak5.wav,kaak,5
jyutping-wong/kaak6.wav,kaak,6
jyutping-wong/kaak7.wav,kaak,7
jyutping-wong/kaam1.wav,kaam,1
jyutping-wong/kaam2.wav,kaam,2
jyutping-wong/kaam3.wav,kaam,3
jyutping-wong/kaam4.wav,kaam,4
jyutping-wong/kaam5.wav,kaam,5
jyutping-wong/kaam6.wav,kaam,6
jyutping-wong/kaam7.wav,kaam,7
jyutping-wong/kaan1.wav,kaan,1
jyutping-wong/kaan2.wav,kaan,2
jyutping-wong/kaan3.wav,kaan,3
jyutping-wong/kaan4.wav,kaan,4
jyutping-wong/kaan5.wav,kaan,5
jyutping-wong/kaan6.wav,kaan,6
jyutping-wong/kaan7.wav,kaan,7
jyutping-wong/kaap1.wav,kaap,1
jyutping-wong/kaap2.wav,kaap,2
jyutping-wong/kaap3.wav,kaap,3
jyutping-wong/kaap4.wav,kaap,4
jyutping-wong/kaap5.wav,kaap,5
jyutping-wong/kaap6.wav,kaap,6
jyutping-wong/kaap7.wav,kaap,7
jyutping-wong/kaat1.wav,kaat,1
jyutping-wong/kaat2.wav,kaat,2
jyutping-wong/kaat3.wav,kaat,3
jyutping-wong/kaat4.wav,kaat,4
jyutping-wong/kaat5.wav,kaat,5
jyutping-wong/kaat6.wav,kaat,6
jyutping-wong/kaat7.wav,kaat,7
jyutping-wong/kaau1.wav,kaau,1
jyutping-wong/kaau2.wav,kaau,2
jyutping-wong/kaau3.wav,kaau,3
jyutping-wong/kaau4.wav,kaau,4
jyutping-wong/kaau5.wav,kaau,5
jyutping-wong/kaau6.wav,kaau,6
jyutping-wong/kaau7.wav,kaau,7
jyutping-wong/kai1.wav,kai,1
jyutping-wong/kai2.wav,kai,2
jyutping-wong/kai3.wav,kai,3
jyutping-wong/kai4.wav,kai,4
jyutping-wong/kai5.wav,kai,5
jyutping-wong/kai6.wav,kai,6
jyutping-wong/kai7.wav,kai,7
jyutping-wong/kak1.wav,kak,1
jyutping-wong/kak2.wav,kak,2
jyutping-wong/kak3.wav,kak,3
jyutping-wong/kak4.wav,kak,4
jyutping-wong/kak5.wav,kak,5
jyutping-wong/kak6.wav,kak,6
jyutping-wong/kak7.wav,kak,7
jyutping-wong/kam1.wav,kam,1
jyutping-wong/kam2.wav,kam,2
jyutping-wong/kam3.wav,kam,3
jyutping-wong/kam4.wav,kam,4
jyutping-wong/kam5.wav,kam,5
jyutping-wong/kam6.wav,kam,6
jyutping-wong/kam7.wav,kam,7
jyutping-wong/kan1.wav,kan,1
jyutping-wong/kan2.wav,kan,2
jyutping-wong/kan3.wav,kan,3
jyutping-wong/kan4.wav,kan,4
jyutping-wong/kan5.wav,kan,5
jyutping-wong/kan6.wav,kan,6
jyutping-wong/kan7.wav,kan,7
jyutping-wong/kang1.wav,kang,1
jyutping-wong/kang2.wav,kang,2
jyutping-wong/kang3.wav,kang,3
jyutping-wong/kang4.wav,kang,4
jyutping-wong/kang5.wav,kang,5
jyutping-wong/kang6.wav,kang,6
jyutping-wong/kang7.wav,kang,7
jyutping-wong/kap1.wav,kap,1
jyutping-wong/kap2.wav,kap,2
jyutping-wong/kap3.wav,kap,3
jyutping-wong/kap4.wav,kap,4
jyutping-wong/kap5.wav,kap,5
jyutping-wong/kap6.wav,kap,6
jyutping-wong/kap7.wav,kap,7
jyutping-wong/kat1.wav,kat,1
jyutping-wong/kat2.wav,kat,2
jyutping-wong/kat3.wav,kat,3
jyutping-wong/kat4.wav,kat,4
jyutping-wong/kat5.wav,kat,5
jyutping-wong/kat6.wav,kat,6
jyutping-wong/kat7.wav,kat,7
jyutping-wong/kau1.wav,kau,1
jyutping-wong/kau2.wav,kau,2
jyutping-wong/kau3.wav,kau,3
jyutping-wong/kau4.wav,kau,4
jyutping-wong/kau5.wav,kau,5
jyutping-wong/kau6.wav,kau,6
jyutping-wong/kau7.wav,kau,7
jyutping-wong/ke1.wav,ke,1
jyutping-wong/ke2.wav,ke,2
jyutping-wong/ke3.wav,ke,3
jyutping-wong/ke4.wav,ke,4
jyutping-wong/ke5.wav,ke,5
jyutping-wong/ke6.wav,ke,6
jyutping-wong/ke7.wav,ke,7
jyutping-wong/kei1.wav,kei,1
jyutping-wong/kei2.wav,kei,2
jyutping-wong/kei3.wav,kei,3
jyutping-wong/kei4.wav,kei,4
jyutping-wong/kei5.wav,kei,5
jyutping-wong/kei6.wav,kei,6
jyutping-wong/kei7.wav,kei,7
jyutping-wong/kek1.wav,kek,1
jyutping-wong/kek2.wav,kek,2
jyutping-wong/kek3.wav,kek,3
jyutping-wong/kek4.wav,kek,4
jyutping-wong/kek5.wav,kek,5
jyutping-wong/kek6.wav,kek,6
jyutping-wong/kek7.wav,kek,7
jyutping-wong/keoi1.wav,keoi,1
jyutping-wong/keoi2.wav,keoi,2
jyutping-wong/keoi3.wav,keoi,3
jyutping-wong/keoi4.wav,keoi,4
jyutping-wong/keoi5.wav,keoi,5
jyutping-wong/keoi6.wav,keoi,6
jyutping-wong/keoi7.wav,keoi,7
jyutping-wong/kep1.wav,kep,1
jyutping-wong/kep2.wav,kep,2
jyutping-wong/kep3.wav,kep,3
jyutping-wong/kep4.wav,kep,4
jyutping-wong/kep5.wav,kep,5
jyutping-wong/kep6.wav,kep,6
jyutping-wong/kep7.wav,kep,7
jyutping-wong/ki1.wav,ki,1
jyutping-wong/ki2.wav,ki,2
jyutping-wong/ki3.wav,ki,3
jyutping-wong/ki4.wav,ki,4
jyutping-wong/ki5.wav,ki,5
jyutping-wong/ki6.wav,ki,6
jyutping-wong/ki7.wav,ki,7
jyutping-wong/kik1.wav,kik,1
jyutping-wong/kik2.wav,kik,2
jyutping-wong/kik3.wav,kik,3
jyutping-wong/kik4.wav,kik,4
jyutping-wong/kik5.wav,kik,5
jyutping-wong/kik6.wav,kik,6
jyutping-wong/kik7.wav,kik,7
jyutping-wong/kim1.wav,kim,1
jyutping-wong/kim2.wav,kim,2
jyutping-wong/kim3.wav,kim,3
jyutping-wong/kim4.wav,kim,4
jyutping-wong/kim5.wav,kim,5
jyutping-wong/kim6.wav,kim,6
jyutping-wong/kim7.wav,kim,7
jyutping-wong/kin1.wav,kin,1
jyutping-wong/kin2.wav,kin,2
jyutping-wong/kin3.wav,kin,3
jyutping-wong/kin4.wav,kin,4
jyutping-wong/kin5.wav,kin,5
jyutping-wong/kin6.wav,kin,6
jyutping-wong/kin7.wav,kin,7
jyutping-wong/king1.wav,king,1
jyutping-wong/king2.wav,king,2
jyutping-wong/king3.wav,king,3
jyutping-wong/king4.wav,king,4
jyutping-wong/king5.wav,king,5
jyutping-wong/king6.wav,king,6
jyutping-wong/king7.wav,king,7
jyutping-wong/kip1.wav,kip,1
jyutping-wong/kip2.wav,kip,2
jyutping-wong/kip3.wav,kip,3
jyutping-wong/kip4.wav,kip,4
jyutping-wong/kip5.wav,kip,5
jyutping-wong/kip6.wav,kip,6
jyutping-wong/kip7.wav,kip,7
jyutping-wong/kit1.wav,kit,1
jyutping-wong/kit2.wav,kit,2
jyutping-wong/kit3.wav,kit,3
jyutping-wong/kit4.wav,kit,4
jyutping-wong/kit5.wav,kit,5
jyutping-wong/kit6.wav,kit,6
jyutping-wong/kit7.wav,kit,7
jyutping-wong/kiu1.wav,kiu,1
jyutping-wong/kiu2.wav,kiu,2
jyutping-wong/kiu3.wav,kiu,3
jyutping-wong/kiu4.wav,kiu,4
jyutping-wong/kiu5.wav,kiu,5
jyutping-wong/kiu6.wav,kiu,6
jyutping-wong/kiu7.wav,kiu,7
jyutping-wong/ko1.wav,ko,1
jyutping-wong/ko2.wav,ko,2
jyutping-wong/ko3.wav,ko,3
jyutping-wong/ko4.wav,ko,4
jyutping-wong/ko5.wav,ko,5
jyutping-wong/ko6.wav,ko,6
jyutping-wong/ko7.wav,ko,7
jyutping-wong/koe1.wav,koe,1
jyutping-wong/koe2.wav,koe,2
jyutping-wong/koe3.wav,koe,3
jyutping-wong/koe4.wav,koe,4
jyutping-wong/koe5.wav,koe,5
jyutping-wong/koe6.wav,koe,6
jyutping-wong/koe7.wav,koe,7
jyutping-wong/koek1.wav,koek,1
jyutping-wong/koek2.wav,koek,2
jyutping-wong/koek3.wav,koek,3
jyutping-wong/koek4.wav,koek,4
jyutping-wong/koek5.wav,koek,5
jyutping-wong/koek6.wav,koek,6
jyutping-wong/koek7.wav,koek,7
jyutping-wong/koeng1.wav,koeng,1
jyutping-wong/koeng2.wav,koeng,2
jyutping-wong/koeng3.wav,koeng,3
jyutping-wong/koeng4.wav,koeng,4
jyutping-wong/koeng5.wav,koeng,5
jyutping-wong/koeng6.wav,koeng,6
jyutping-wong/koeng7.wav,koeng,7
jyutping-wong/koi1.wav,koi,1
jyutping-wong/koi2.wav,koi,2
jyutping-wong/koi3.wav,koi,3
jyutping-wong/koi4.wav,koi,4
jyutping-wong/koi5.wav,koi,5
jyutping-wong/koi6.wav,koi,6
jyutping-wong/koi7.wav,koi,7
jyutping-wong/kok1.wav,kok,1
jyutping-wong/kok2.wav,kok,2
jyutping-wong/kok3.wav,kok,3
jyutping-wong/kok4.wav,kok,4
jyutping-wong/kok5.wav,kok,5
jyutping-wong/kok6.wav,kok,6
jyutping-wong/kok7.wav,kok,7
jyutping-wong/kong1.wav,kong,1
jyutping-wong/kong2.wav,kong,2
jyutping-wong/kong3.wav,kong,3
jyutping-wong/kong4.wav,kong,4
jyutping-wong/kong5.wav,kong,5
jyutping-wong/kong6.wav,kong,6
jyutping-wong/kong7.wav,kong,7
jyutping-wong/ku1.wav,ku,1
jyutping-wong/ku2.wav,ku,2
jyutping-wong/ku3.wav,ku,3
jyutping-wong/ku4.wav,ku,4
jyutping-wong/ku5.wav,ku,5
jyutping-wong/ku6.wav,ku,6
jyutping-wong/ku7.wav,ku,7
jyutping-wong/kui1.wav,kui,1
jyutping-wong/kui2.wav,kui,2
jyutping-wong/kui3.wav,kui,3
jyutping-wong/kui4.wav,kui,4
jyutping-wong/kui5.wav,kui,5
jyutping-wong/kui6.wav,kui,6
jyutping-wong/kui7.wav,kui,7
jyutping-wong/kuk1.wav,kuk,1
jyutping-wong/kuk2.wav,kuk,2
jyutping-wong/kuk3.wav,kuk,3
jyutping-wong/kuk4.wav,kuk,4
jyutping-wong/kuk5.wav,kuk,5
jyutping-wong/kuk6.wav,kuk,6
jyutping-wong/kuk7.wav,kuk,7
jyutping-wong/kung1.wav,kung,1
jyutping-wong/kung2.wav,kung,2
jyutping-wong/kung3.wav,kung,3
jyutping-wong/kung4.wav,kung,4
jyutping-wong/kung5.wav,kung,5
jyutping-wong/kung6.wav,kung,6
jyutping-wong/kung7.wav,kung,7
jyutping-wong/kut1.wav,kut,1
jyutping-wong/kut2.wav,kut,2
jyutping-wong/kut3.wav,kut,3
jyutping-wong/kut4.wav,kut,4
jyutping-wong/kut5.wav,kut,5
jyutping-wong/kut6.wav,kut,6
jyutping-wong/kut7.wav,kut,7
jyutping-wong/kwaa1.wav,kwaa,1
jyutping-wong/kwaa2.wav,kwaa,2
jyutping-wong/kwaa3.wav,kwaa,3
jyutping-wong/kwaa4.wav,kwaa,4
jyutping-wong/kwaa5.wav,kwaa,5
jyutping-wong/kwaa6.wav,kwaa,6
jyutping-wong/kwaa7.wav,kwaa,7
jyutping-wong/kwaai1.wav,kwaai,1
jyutping-wong/kwaai2.wav,kwaai,2
jyutping-wong/kwaai3.wav,kwaai,3
jyutping-wong/kwaai4.wav,kwaai,4
jyutping-wong/kwaai5.wav,kwaai,5
jyutping-wong/kwaai6.wav,kwaai,6
jyutping-wong/kwaai7.wav,kwaai,7
jyutping-wong/kwaak1.wav,kwaak,1
jyutping-wong/kwaak2.wav,kwaak,2
jyutping-wong/kwaak3.wav,kwaak,3
jyutping-wong/kwaak4.wav,kwaak,4
jyutping-wong/kwaak5.wav,kwaak,5
jyutping-wong/kwaak6.wav,kwaak,6
jyutping-wong/kwaak7.wav,kwaak,7
jyutping-wong/kwaan1.wav,kwaan,1
jyutping-wong/kwaan2.wav,kwaan,2
jyutping-wong/kwaan3.wav,kwaan,3
jyutping-wong/kwaan4.wav,kwaan,4
jyutping-wong/kwaan5.wav,kwaan,5
jyutping-wong/kwaan6.wav,kwaan,6
jyutping-wong/kwaan7.wav,kwaan,7
jyutping-wong/kwaang1.wav,kwaang,1
jyutping-wong/kwaang2.wav,kwaang,2
jyutping-wong/kwaang3.wav,kwaang,3
jyutping-wong/kwaang4.wav,kwaang,4
jyutping-wong/kwaang5.wav,kwaang,5
jyutping-wong/kwaang6.wav,kwaang,6
jyutping-wong/kwaang7.wav,kwaang,7
jyutping-wong/kwaat1.wav,kwaat,1
jyutping-wong/kwaat2.wav,kwaat,2
jyutping-wong/kwaat3.wav,kwaat,3
jyutping-wong/kwaat4.wav,kwaat,4
jyutping-wong/kwaat5.wav,kwaat,5
jyutping-wong/kwaat6.wav,kwaat,6
jyutping-wong/kwaat7.wav,kwaat,7
jyutping-wong/kwai1.wav,kwai,1
jyutping-wong/kwai2.wav,kwai,2
jyutping-wong/kwai3.wav,kwai,3
jyutping-wong/kwai4.wav,kwai,4
jyutping-wong/kwai5.wav,kwai,5
jyutping-wong/kwai6.wav,kwai,6
jyutping-wong/kwai7.wav,kwai,7
jyutping-wong/kwan1.wav,kwan,1
jyutping-wong/kwan2.wav,kwan,2
jyutping-wong/kwan3.wav,kwan,3
jyutping-wong/kwan4.wav,kwan,4
jyutping-wong/kwan5.wav,kwan,5
jyutping-wong/kwan6.wav,kwan,6
jyutping-wong/kwan7.wav,kwan,7
jyutping-wong/kwik1.wav,kwik,1
jyutping-wong/kwik2.wav,kwik,2
jyutping-wong/kwik3.wav,kwik,3
jyutping-wong/kwik4.wav,kwik,4
jyutping-wong/kwik5.wav,kwik,5
jyutping-wong/kwik6.wav,kwik,6
jyutping-wong/kwik7.wav,kwik,7
jyutping-wong/kwok1.wav,kwok,1
jyutping-wong/kwok2.wav,kwok,2
jyutping-wong/kwok3.wav,kwok,3
jyutping-wong/kwok4.wav,kwok,4
jyutping-wong/kwok5.wav,kwok,5
jyutping-wong/kwok6.wav,kwok,6
jyutping-wong/kwok7.wav,kwok,7
jyutping-wong/kwong1.wav,kwong,1
jyutping-wong/kwong2.wav,kwong,2
jyutping-wong/kwong3.wav,kwong,3
jyutping-wong/kwong4.wav,kwong,4
jyutping-wong/kwong5.wav,kwong,5
jyutping-wong/kwong6.wav,kwong,6
jyutping-wong/kwong7.wav,kwong,7
jyutping-wong/kwui1.wav,kwui,1
jyutping-wong/kwui2.wav,kwui,2
jyutping-wong/kwui3.wav,kwui,3
jyutping-wong/kwui4.wav,kwui,4
jyutping-wong/kwui5.wav,kwui,5
jyutping-wong/kwui6.wav,kwui,6
jyutping-wong/kwui7.wav,kwui,7
jyutping-wong/kwun1.wav,kwun,1
jyutping-wong/kwun2.wav,kwun,2
jyutping-wong/kwun3.wav,kwun,3
jyutping-wong/kwun4.wav,kwun,4
jyutping-wong/kwun5.wav,kwun,5
jyutping-wong/kwun6.wav,kwun,6
jyutping-wong/kwun7.wav,kwun,7
jyutping-wong/kyun1.wav,kyun,1
jyutping-wong/kyun2.wav,kyun,2
jyutping-wong/kyun3.wav,kyun,3
jyutping-wong/kyun4.wav,kyun,4
jyutping-wong/kyun5.wav,kyun,5
jyutping-wong/kyun6.wav,kyun,6
jyutping-wong/kyun7.wav,kyun,7
jyutping-wong/kyut1.wav,kyut,1
jyutping-wong/kyut2.wav,kyut,2
jyutping-wong/kyut3.wav,kyut,3
jyutping-wong/kyut4.wav,kyut,4
jyutping-wong/kyut5.wav,kyut,5
jyutping-wong/kyut6.wav,kyut,6
jyutping-wong/kyut7.wav,kyut,7
jyutping-wong/laa1.wav,laa,1
jyutping-wong/laa2.wav,laa,2
jyutping-wong/laa3.wav,laa,3
jyutping-wong/laa4.wav,laa,4
jyutping-wong/laa5.wav,laa,5
jyutping-wong/laa6.wav,laa,6
jyutping-wong/laa7.wav,laa,7
jyutping-wong/laai1.wav,laai,1
jyutping-wong/laai2.wav,laai,2
jyutping-wong/laai3.wav,laai,3
jyutping-wong/laai4.wav,laai,4
jyutping-wong/laai5.wav,laai,5
jyutping-wong/laai6.wav,laai,6
jyutping-wong/laai7.wav,laai,7
jyutping-wong/laak1.wav,laak,1
jyutping-wong/laak2.wav,laak,2
jyutping-wong/laak3.wav,laak,3
jyutping-wong/laak4.wav,laak,4
jyutping-wong/laak5.wav,laak,5
jyutping-wong/laak6.wav,laak,6
jyutping-wong/laak7.wav,laak,7
jyutping-wong/laam1.wav,laam,1
jyutping-wong/laam2.wav,laam,2
jyutping-wong/laam3.wav,laam,3
jyutping-wong/laam4.wav,laam,4
jyutping-wong/laam5.wav,laam,5
jyutping-wong/laam6.wav,laam,6
jyutping-wong/laam7.wav,laam,7
jyutping-wong/laan1.wav,laan,1
jyutping-wong/laan2.wav,laan,2
jyutping-wong/laan3.wav,laan,3
jyutping-wong/laan4.wav,laan,4
jyutping-wong/laan5.wav,laan,5
jyutping-wong/laan6.wav,laan,6
jyutping-wong/laan7.wav,laan,7
jyutping-wong/laang1.wav,laang,1
jyutping-wong/laang2.wav,laang,2
jyutping-wong/laang3.wav,laang,3
jyutping-wong/laang4.wav,laang,4
jyutping-wong/laang5.wav,laang,5
jyutping-wong/laang6.wav,laang,6
jyutping-wong/laang7.wav,laang,7
jyutping-wong/laap1.wav,laap,1
jyutping-wong/laap2.wav,laap,2
jyutping-wong/laap3.wav,laap,3
jyutping-wong/laap4.wav,laap,4
jyutping-wong/laap5.wav,laap,5
jyutping-wong/laap6.wav,laap,6
jyutping-wong/laap7.wav,laap,7
jyutping-wong/laat1.wav,laat,1
jyutping-wong/laat2.wav,laat,2
jyutping-wong/laat3.wav,laat,3
jyutping-wong/laat4.wav,laat,4
jyutping-wong/laat5.wav,laat,5
jyutping-wong/laat6.wav,laat,6
jyutping-wong/laat7.wav,laat,7
jyutping-wong/laau1.wav,laau,1
jyutping-wong/laau2.wav,laau,2
jyutping-wong/laau3.wav,laau,3
jyutping-wong/laau4.wav,laau,4
jyutping-wong/laau5.wav,laau,5
jyutping-wong/laau6.wav,laau,6
jyutping-wong/laau7.wav,laau,7
jyutping-wong/lai1.wav,lai,1
jyutping-wong/lai2.wav,lai,2
jyutping-wong/lai3.wav,lai,3
jyutping-wong/lai4.wav,lai,4
jyutping-wong/lai5.wav,lai,5
jyutping-wong/lai6.wav,lai,6
jyutping-wong/lai7.wav,lai,7
jyutping-wong/lak1.wav,lak,1
jyutping-wong/lak2.wav,lak,2
jyutping-wong/lak3.wav,lak,3
jyutping-wong/lak4.wav,lak,4
jyutping-wong/lak5.wav,lak,5
jyutping-wong/lak6.wav,lak,6
jyutping-wong/lak7.wav,lak,7
jyutping-wong/lam1.wav,lam,1
jyutping-wong/lam2.wav,lam,2
jyutping-wong/lam3.wav,lam,3
jyutping-wong/lam4.wav,lam,4
jyutping-wong/lam5.wav,lam,5
jyutping-wong/lam6.wav,lam,6
jyutping-wong/lam7.wav,lam,7
jyutping-wong/lan1.wav,lan,1
jyutping-wong/lan2.wav,lan,2
jyutping-wong/lan3.wav,lan,3
jyutping-wong/lan4.wav,lan,4
jyutping-wong/lan5.wav,lan,5
jyutping-wong/lan6.wav,lan,6
jyutping-wong/lan7.wav,lan,7
jyutping-wong/lang1.wav,lang,1
jyutping-wong/lang2.wav,lang,2
jyutping-wong/lang3.wav,lang,3
jyutping-wong/lang4.wav,lang,4
jyutping-wong/lang5.wav,lang,5
jyutping-wong/lang6.wav,lang,6
jyutping-wong/lang7.wav,lang,7
jyutping-wong/lap1.wav,lap,1
jyutping-wong/lap2.wav,lap,2
jyutping-wong/lap3.wav,lap,3
jyutping-wong/lap4.wav,lap,4
jyutping-wong/lap5.wav,lap,5
jyutping-wong/lap6.wav,lap,6
jyutping-wong/lap7.wav,lap,7
jyutping-wong/lat1.wav,lat,1
jyutping-wong/lat2.wav,lat,2
jyutping-wong/lat3.wav,lat,3
jyutping-wong/lat4.wav,lat,4
jyutping-wong/lat5.wav,lat,5
jyutping-wong/lat6.wav,lat,6
jyutping-wong/lat7.wav,lat,7
jyutping-wong/lau1.wav,lau,1
jyutping-wong/lau2.wav,lau,2
jyutping-wong/lau3.wav,lau,3
jyutping-wong/lau4.wav,lau,4
jyutping-wong/lau5.wav,lau,5
jyutping-wong/lau6.wav,lau,6
jyutping-wong/lau7.wav,lau,7
jyutping-wong/le1.wav,le,1
jyutping-wong/le2.wav,le,2
jyutping-wong/le3.wav,le,3
jyutping-wong/le4.wav,le,4
jyutping-wong/le5.wav,le,5
jyutping-wong/le6.wav,le,6
jyutping-wong/le7.wav,le,7
jyutping-wong/lei1.wav,lei,1
jyutping-wong/lei2.wav,lei,2
jyutping-wong/lei3.wav,lei,3
jyutping-wong/lei4.wav,lei,4
jyutping-wong/lei5.wav,lei,5
jyutping-wong/lei6.wav,lei,6
jyutping-wong/lei7.wav,lei,7
jyutping-wong/lek1.wav,lek,1
jyutping-wong/lek2.wav,lek,2
jyutping-wong/lek3.wav,lek,3
jyutping-wong/lek4.wav,lek,4
jyutping-wong/lek5.wav,lek,5
jyutping-wong/lek6.wav,lek,6
jyutping-wong/lek7.wav,lek,7
jyutping-wong/lem1.wav,lem,1
jyutping-wong/lem2.wav,lem,2
jyutping-wong/lem3.wav,lem,3
jyutping-wong/lem4.wav,lem,4
jyutping-wong/lem5.wav,lem,5
jyutping-wong/lem6.wav,lem,6
jyutping-wong/lem7.wav,lem,7
jyutping-wong/leng1.wav,leng,1
jyutping-wong/leng2.wav,leng,2
jyutping-wong/leng3.wav,leng,3
jyutping-wong/leng4.wav,leng,4
jyutping-wong/leng5.wav,leng,5
jyutping-wong/leng6.wav,leng,6
jyutping-wong/leng7.wav,leng,7
jyutping-wong/leoi1.wav,leoi,1
jyutping-wong/leoi2.wav,leoi,2
jyutping-wong/leoi3.wav,leoi,3
jyutping-wong/leoi4.wav,leoi,4
jyutping-wong/leoi5.wav,leoi,5
jyutping-wong/leoi6.wav,leoi,6
jyutping-wong/leoi7.wav,leoi,7
jyutping-wong/leon1.wav,leon,1
jyutping-wong/leon2.wav,leon,2
jyutping-wong/leon3.wav,leon,3
jyutping-wong/leon4.wav,leon,4
jyutping-wong/leon5.wav,leon,5
jyutping-wong/leon6.wav,leon,6
jyutping-wong/leon7.wav,leon,7
jyutping-wong/leot1.wav,leot,1
jyutping-wong/leot2.wav,leot,2
jyutping-wong/leot3.wav,leot,3
jyutping-wong/leot4.wav,leot,4
jyutping-wong/leot5.wav,leot,5
jyutping-wong/leot6.wav,leot,6
jyutping-wong/leot7.wav,leot,7
jyutping-wong/li1.wav,li,1
jyutping-wong/li2.wav,li,2
jyutping-wong/li3.wav,li,3
jyutping-wong/li4.wav,li,4
jyutping-wong/li5.wav,li,5
jyutping-wong/li6.wav,li,6
jyutping-wong/li7.wav,li,7
jyutping-wong/lik1.wav,lik,1
jyutping-wong/lik2.wav,lik,2
jyutping-wong/lik3.wav,lik,3
jyutping-wong/lik4.wav,lik,4
jyutping-wong/lik5.wav,lik,5
jyutping-wong/lik6.wav,lik,6
jyutping-wong/lik7.wav,lik,7
jyutping-wong/lim1.wav,lim,1
jyutping-wong/lim2.wav,lim,2
jyutping-wong/lim3.wav,lim,3
jyutping-wong/lim4.wav,lim,4
jyutping-wong/lim5.wav,lim,5
jyutping-wong/lim6.wav,lim,6
jyutping-wong/lim7.wav,lim,7
jyutping-wong/lin1.wav,lin,1
jyutping-wong/lin2.wav,lin,2
jyutping-wong/lin3.wav,lin,3
jyutping-wong/lin4.wav,lin,4
jyutping-wong/lin5.wav,lin,5
jyutping-wong/lin6.wav,lin,6
jyutping-wong/lin7.wav,lin,7
jyutping-wong/ling1.wav,ling,1
jyutping-wong/ling2.wav,ling,2
jyutping-wong/ling3.wav,ling,3
jyutping-wong/ling4.wav,ling,4
jyutping-wong/ling5.wav,ling,5
jyutping-wong/ling6.wav,ling,6
jyutping-wong/ling7.wav,ling,7
jyutping-wong/lip1.wav,lip,1
jyutping-wong/lip2.wav,lip,2
jyutping-wong/lip3.wav,lip,3
jyutping-wong/lip4.wav,lip,4
jyutping-wong/lip5.wav,lip,5
jyutping-wong/lip6.wav,lip,6
jyutping-wong/lip7.wav,lip,7
jyutping-wong/lit1.wav,lit,1
jyutping-wong/lit2.wav,lit,2
jyutping-wong/lit3.wav,lit,3
jyutping-wong/lit4.wav,lit,4
jyutping-wong/lit5.wav,lit,5
jyutping-wong/lit6.wav,lit,6
jyutping-wong/lit7.wav,lit,7
jyutping-wong/liu1.wav,liu,1
jyutping-wong/liu2.wav,liu,2
jyutping-wong/liu3.wav,liu,3
jyutping-wong/liu4.wav,liu,4
jyutping-wong/liu5.wav,liu,5
jyutping-wong/liu6.wav,liu,6
jyutping-wong/liu7.wav,liu,7
jyutping-wong/lo1.wav,lo,1
jyutping-wong/lo2.wav,lo,2
jyutping-wong/lo3.wav,lo,3
jyutping-wong/lo4.wav,lo,4
jyutping-wong/lo5.wav,lo,5
jyutping-wong/lo6.wav,lo,6
jyutping-wong/lo7.wav,lo,7
jyutping-wong/loe1.wav,loe,1
jyutping-wong/loe2.wav,loe,2
jyutping-wong/loe3.wav,loe,3
jyutping-wong/loe4.wav,loe,4
jyutping-wong/loe5.wav,loe,5
jyutping-wong/loe6.wav,loe,6
jyutping-wong/loe7.wav,loe,7
jyutping-wong/loei1.wav,loei,1
jyutping-wong/loei2.wav,loei,2
jyutping-wong/loei3.wav,loei,3
jyutping-wong/loei4.wav,loei,4
jyutping-wong/loei5.wav,loei,5
jyutping-wong/loei6.wav,loei,6
jyutping-wong/loei7.wav,loei,7
jyutping-wong/loek1.wav,loek,1
jyutping-wong/loek2.wav,loek,2
jyutping-wong/loek3.wav,loek,3
jyutping-wong/loek4.wav,loek,4
jyutping-wong/loek5.wav,loek,5
jyutping-wong/loek6.wav,loek,6
jyutping-wong/loek7.wav,loek,7
jyutping-wong/loeng1.wav,loeng,1
jyutping-wong/loeng2.wav,loeng,2
jyutping-wong/loeng3.wav,loeng,3
jyutping-wong/loeng4.wav,loeng,4
jyutping-wong/loeng5.wav,loeng,5
jyutping-wong/loeng6.wav,loeng,6
jyutping-wong/loeng7.wav,loeng,7
jyutping-wong/loet1.wav,loet,1
jyutping-wong/loet2.wav,loet,2
jyutping-wong/loet3.wav,loet,3
jyutping-wong/loet4.wav,loet,4
jyutping-wong/loet5.wav,loet,5
jyutping-wong/loet6.wav,loet,6
jyutping-wong/loet7.wav,loet,7
jyutping-wong/loi1.wav,loi,1
jyutping-wong/loi2.wav,loi,2
jyutping-wong/loi3.wav,loi,3
jyutping-wong/loi4.wav,loi,4
jyutping-wong/loi5.wav,loi,5
jyutping-wong/loi6.wav,loi,6
jyutping-wong/loi7.wav,loi,7
jyutping-wong/lok1.wav,lok,1
jyutping-wong/lok2.wav,lok,2
jyutping-wong/lok3.wav,lok,3
jyutping-wong/lok4.wav,lok,4
jyutping-wong/lok5.wav,lok,5
jyutping-wong/lok6.wav,lok,6
jyutping-wong/lok7.wav,lok,7
jyutping-wong/long1.wav,long,1
jyutping-wong/long2.wav,long,2
jyutping-wong/long3.wav,long,3
jyutping-wong/long4.wav,long,4
jyutping-wong/long5.wav,long,5
jyutping-wong/long6.wav,long,6
jyutping-wong/long7.wav,long,7
jyutping-wong/lou1.wav,lou,1
jyutping-wong/lou2.wav,lou,2
jyutping-wong/lou3.wav,lou,3
jyutping-wong/lou4.wav,lou,4
jyutping-wong/lou5.wav,lou,5
jyutping-wong/lou6.wav,lou,6
jyutping-wong/lou7.wav,lou,7
jyutping-wong/luk1.wav,luk,1
jyutping-wong/luk2.wav,luk,2
jyutping-wong/luk3.wav,luk,3
jyutping-wong/luk4.wav,luk,4
jyutping-wong/luk5.wav,luk,5
jyutping-wong/luk6.wav,luk,6
jyutping-wong/luk7.wav,luk,7
jyutping-wong/lun1.wav,lun,1
jyutping-wong/lun2.wav,lun,2
jyutping-wong/lun3.wav,lun,3
jyutping-wong/lun4.wav,lun,4
jyutping-wong/lun5.wav,lun,5
jyutping-wong/lun6.wav,lun,6
jyutping-wong/lun7.wav,lun,7
jyutping-wong/lung1.wav,lung,1
jyutping-wong/lung2.wav,lung,2
jyutping-wong/lung3.wav,lung,3
jyutping-wong/lung4.wav,lung,4
jyutping-wong/lung5.wav,lung,5
jyutping-wong/lung6.wav,lung,6
jyutping-wong/lung7.wav,lung,7
jyutping-wong/lyun1.wav,lyun,1
jyutping-wong/lyun2.wav,lyun,2
jyutping-wong/lyun3.wav,lyun,3
jyutping-wong/lyun4.wav,lyun,4
jyutping-wong/lyun5.wav,lyun,5
jyutping-wong/lyun6.wav,lyun,6
jyutping-wong/lyun7.wav,lyun,7
jyutping-wong/lyut1.wav,lyut,1
jyutping-wong/lyut2.wav,lyut,2
jyutping-wong/lyut3.wav,lyut,3
jyutping-wong/lyut4.wav,lyut,4
jyutping-wong/lyut5.wav,lyut,5
jyutping-wong/lyut6.wav,lyut,6
jyutping-wong/lyut7.wav,lyut,7
jyutping-wong/m1.wav,m,1
jyutping-wong/m2.wav,m,2
jyutping-wong/m3.wav,m,3
jyutping-wong/m4.wav,m,4
jyutping-wong/m5.wav,m,5
jyutping-wong/m6.wav,m,6
jyutping-wong/m7.wav,m,7
jyutping-wong/maa1.wav,maa,1
jyutping-wong/maa2.wav,maa,2
jyutping-wong/maa3.wav,maa,3
jyutping-wong/maa4.wav,maa,4
jyutping-wong/maa5.wav,maa,5
jyutping-wong/maa6.wav,maa,6
jyutping-wong/maa7.wav,maa,7
jyutping-wong/maai1.wav,maai,1
jyutping-wong/maai2.wav,maai,2
jyutping-wong/maai3.wav,maai,3
jyutping-wong/maai4.wav,maai,4
jyutping-wong/maai5.wav,maai,5
jyutping-wong/maai6.wav,maai,6
jyutping-wong/maai7.wav,maai,7
jyutping-wong/maak1.wav,maak,1
jyutping-wong/maak2.wav,maak,2
jyutping-wong/maak3.wav,maak,3
jyutping-wong/maak4.wav,maak,4
jyutping-wong/maak5.wav,maak,5
jyutping-wong/maak6.wav,maak,6
jyutping-wong/maak7.wav,maak,7
jyutping-wong/maan1.wav,maan,1
jyutping-wong/maan2.wav,maan,2
jyutping-wong/maan3.wav,maan,3
jyutping-wong/maan4.wav,maan,4
jyutping-wong/maan5.wav,maan,5
jyutping-wong/maan6.wav,maan,6
jyutping-wong/maan7.wav,maan,7
jyutping-wong/maang1.wav,maang,1
jyutping-wong/maang2.wav,maang,2
jyutping-wong/maang3.wav,maang,3
jyutping-wong/maang4.wav,maang,4
jyutping-wong/maang5.wav,maang,5
jyutping-wong/maang6.wav,maang,6
jyutping-wong/maang7.wav,maang,7
jyutping-wong/maat1.wav,maat,1
jyutping-wong/maat2.wav,maat,2
jyutping-wong/maat3.wav,maat,3
jyutping-wong/maat4.wav,maat,4
jyutping-wong/maat5.wav,maat,5
jyutping-wong/maat6.wav,maat,6
jyutping-wong/maat7.wav,maat,7
jyutping-wong/maau1.wav,maau,1
jyutping-wong/maau2.wav,maau,2
jyutping-wong/maau3.wav,maau,3
jyutping-wong/maau4.wav,maau,4
jyutping-wong/maau5.wav,maau,5
jyutping-wong/maau6.wav,maau,6
jyutping-wong/maau7.wav,maau,7
jyutping-wong/mai1.wav,mai,1
jyutping-wong/mai2.wav,mai,2
jyutping-wong/mai3.wav,mai,3
jyutping-wong/mai4.wav,mai,4
jyutping-wong/mai5.wav,mai,5
jyutping-wong/mai6.wav,mai,6
jyutping-wong/mai7.wav,mai,7
jyutping-wong/mak1.wav,mak,1
jyutping-wong/mak2.wav,mak,2
jyutping-wong/mak3.wav,mak,3
jyutping-wong/mak4.wav,mak,4
jyutping-wong/mak5.wav,mak,5
jyutping-wong/mak6.wav,mak,6
jyutping-wong/mak7.wav,mak,7
jyutping-wong/mam1.wav,mam,1
jyutping-wong/mam2.wav,mam,2
jyutping-wong/mam3.wav,mam,3
jyutping-wong/mam4.wav,mam,4
jyutping-wong/mam5.wav,mam,5
jyutping-wong/mam6.wav,mam,6
jyutping-wong/mam7.wav,mam,7
jyutping-wong/man1.wav,man,1
jyutping-wong/man2.wav,man,2
jyutping-wong/man3.wav,man,3
jyutping-wong/man4.wav,man,4
jyutping-wong/man5.wav,man,5
jyutping-wong/man6.wav,man,6
jyutping-wong/man7.wav,man,7
jyutping-wong/mang1.wav,mang,1
jyutping-wong/mang2.wav,mang,2
jyutping-wong/mang3.wav,mang,3
jyutping-wong/mang4.wav,mang,4
jyutping-wong/mang5.wav,mang,5
jyutping-wong/mang6.wav,mang,6
jyutping-wong/mang7.wav,mang,7
jyutping-wong/mat1.wav,mat,1
jyutping-wong/mat2.wav,mat,2
jyutping-wong/mat3.wav,mat,3
jyutping-wong/mat4.wav,mat,4
jyutping-wong/mat5.wav,mat,5
jyutping-wong/mat6.wav,mat,6
jyutping-wong/mat7.wav,mat,7
jyutping-wong/mau1.wav,mau,1
jyutping-wong/mau2.wav,mau,2
jyutping-wong/mau3.wav,mau,3
jyutping-wong/mau4.wav,mau,4
jyutping-wong/mau5.wav,mau,5
jyutping-wong/mau6.wav,mau,6
jyutping-wong/mau7.wav,mau,7
jyutping-wong/me1.wav,me,1
jyutping-wong/me2.wav,me,2
jyutping-wong/me3.wav,me,3
jyutping-wong/me4.wav,me,4
jyutping-wong/me5.wav,me,5
jyutping-wong/me6.wav,me,6
jyutping-wong/me7.wav,me,7
jyutping-wong/mei1.wav,mei,1
jyutping-wong/mei2.wav,mei,2
jyutping-wong/mei3.wav,mei,3
jyutping-wong/mei4.wav,mei,4
jyutping-wong/mei5.wav,mei,5
jyutping-wong/mei6.wav,mei,6
jyutping-wong/mei7.wav,mei,7
jyutping-wong/meng1.wav,meng,1
jyutping-wong/meng2.wav,meng,2
jyutping-wong/meng3.wav,meng,3
jyutping-wong/meng4.wav,meng,4
jyutping-wong/meng5.wav,meng,5
jyutping-wong/meng6.wav,meng,6
jyutping-wong/meng7.wav,meng,7
jyutping-wong/mi1.wav,mi,1
jyutping-wong/mi2.wav,mi,2
jyutping-wong/mi3.wav,mi,3
jyutping-wong/mi4.wav,mi,4
jyutping-wong/mi5.wav,mi,5
jyutping-wong/mi6.wav,mi,6
jyutping-wong/mi7.wav,mi,7
jyutping-wong/mik1.wav,mik,1
jyutping-wong/mik2.wav,mik,2
jyutping-wong/mik3.wav,mik,3
jyutping-wong/mik4.wav,mik,4
jyutping-wong/mik5.wav,mik,5
jyutping-wong/mik6.wav,mik,6
jyutping-wong/mik7.wav,mik,7
jyutping-wong/min1.wav,min,1
jyutping-wong/min2.wav,min,2
jyutping-wong/min3.wav,min,3
jyutping-wong/min4.wav,min,4
jyutping-wong/min5.wav,min,5
jyutping-wong/min6.wav,min,6
jyutping-wong/min7.wav,min,7
jyutping-wong/ming1.wav,ming,1
jyutping-wong/ming2.wav,ming,2
jyutping-wong/ming3.wav,ming,3
jyutping-wong/ming4.wav,ming,4
jyutping-wong/ming5.wav,ming,5
jyutping-wong/ming6.wav,ming,6
jyutping-wong/ming7.wav,ming,7
jyutping-wong/mit1.wav,mit,1
jyutping-wong/mit2.wav,mit,2
jyutping-wong/mit3.wav,mit,3
jyutping-wong/mit4.wav,mit,4
jyutping-wong/mit5.wav,mit,5
jyutping-wong/mit6.wav,mit,6
jyutping-wong/mit7.wav,mit,7
jyutping-wong/miu1.wav,miu,1
jyutping-wong/miu2.wav,miu,2
jyutping-wong/miu3.wav,miu,3
jyutping-wong/miu4.wav,miu,4
jyutping-wong/miu5.wav,miu,5
jyutping-wong/miu6.wav,miu,6
jyutping-wong/miu7.wav,miu,7
jyutping-wong/mo1.wav,mo,1
jyutping-wong/mo2.wav,mo,2
jyutping-wong/mo3.wav,mo,3
jyutping-wong/mo4.wav,mo,4
jyutping-wong/mo5.wav,mo,5
jyutping-wong/mo6.wav,mo,6
jyutping-wong/mo7.wav,mo,7
jyutping-wong/moi1.wav,moi,1
jyutping-wong/moi2.wav,moi,2
jyutping-wong/moi3.wav,moi,3
jyutping-wong/moi4.wav,moi,4
jyutping-wong/moi5.wav,moi,5
jyutping-wong/moi6.wav,moi,6
jyutping-wong/moi7.wav,moi,7
jyutping-wong/mok1.wav,mok,1
jyutping-wong/mok2.wav,mok,2
jyutping-wong/mok3.wav,mok,3
jyutping-wong/mok4.wav,mok,4
jyutping-wong/mok5.wav,mok,5
jyutping-wong/mok6.wav,mok,6
jyutping-wong/mok7.wav,mok,7
jyutping-wong/mong1.wav,mong,1
jyutping-wong/mong2.wav,mong,2
jyutping-wong/mong3.wav,mong,3
jyutping-wong/mong4.wav,mong,4
jyutping-wong/mong5.wav,mong,5
jyutping-wong/mong6.wav,mong,6
jyutping-wong/mong7.wav,mong,7
jyutping-wong/mou1.wav,mou,1
jyutping-wong/mou2.wav,mou,2
jyutping-wong/mou3.wav,mou,3
jyutping-wong/mou4.wav,mou,4
jyutping-wong/mou5.wav,mou,5
jyutping-wong/mou6.wav,mou,6
jyutping-wong/mou7.wav,mou,7
jyutping-wong/mui1.wav,mui,1
jyutping-wong/mui2.wav,mui,2
jyutping-wong/mui3.wav,mui,3
jyutping-wong/mui4.wav,mui,4
jyutping-wong/mui5.wav,mui,5
jyutping-wong/mui6.wav,mui,6
jyutping-wong/mui7.wav,mui,7
jyutping-wong/muk1.wav,muk,1
jyutping-wong/muk2.wav,muk,2
jyutping-wong/muk3.wav,muk,3
jyutping-wong/muk4.wav,muk,4
jyutping-wong/muk5.wav,muk,5
jyutping-wong/muk6.wav,muk,6
jyutping-wong/muk7.wav,muk,7
jyutping-wong/mun1.wav,mun,1
jyutping-wong/mun2.wav,mun,2
jyutping-wong/mun3.wav,mun,3
jyutping-wong/mun4.wav,mun,4
jyutping-wong/mun5.wav,mun,5
jyutping-wong/mun6.wav,mun,6
jyutping-wong/mun7.wav,mun,7
jyutping-wong/mung1.wav,mung,1
jyutping-wong/mung2.wav,mung,2
jyutping-wong/mung3.wav,mung,3
jyutping-wong/mung4.wav,mung,4
jyutping-wong/mung5.wav,mung,5
jyutping-wong/mung6.wav,mung,6
jyutping-wong/mung7.wav,mung,7
jyutping-wong/mut1.wav,mut,1
jyutping-wong/mut2.wav,mut,2
jyutping-wong/mut3.wav,mut,3
jyutping-wong/mut4.wav,mut,4
jyutping-wong/mut5.wav,mut,5
jyutping-wong/mut6.wav,mut,6
jyutping-wong/mut7.wav,mut,7
jyutping-wong/naa1.wav,naa,1
jyutping-wong/naa2.wav,naa,2
jyutping-wong/naa3.wav,naa,3
jyutping-wong/naa4.wav,naa,4
jyutping-wong/naa5.wav,naa,5
jyutping-wong/naa6.wav,naa,6
jyutping-wong/naa7.wav,naa,7
jyutping-wong/naai1.wav,naai,1
jyutping-wong/naai2.wav,naai,2
jyutping-wong/naai3.wav,naai,3
jyutping-wong/naai4.wav,naai,4
jyutping-wong/naai5.wav,naai,5
jyutping-wong/naai6.wav,naai,6
jyutping-wong/naai7.wav,naai,7
jyutping-wong/naam1.wav,naam,1
jyutping-wong/naam2.wav,naam,2
jyutping-wong/naam3.wav,naam,3
jyutping-wong/naam4.wav,naam,4
jyutping-wong/naam5.wav,naam,5
jyutping-wong/naam6.wav,naam,6
jyutping-wong/naam7.wav,naam,7
jyutping-wong/naan1.wav,naan,1
jyutping-wong/naan2.wav,naan,2
jyutping-wong/naan3.wav,naan,3
jyutping-wong/naan4.wav,naan,4
jyutping-wong/naan5.wav,naan,5
jyutping-wong/naan6.wav,naan,6
jyutping-wong/naan7.wav,naan,7
jyutping-wong/naang1.wav,naang,1
jyutping-wong/naang2.wav,naang,2
jyutping-wong/naang3.wav,naang,3
jyutping-wong/naang4.wav,naang,4
jyutping-wong/naang5.wav,naang,5
jyutping-wong/naang6.wav,naang,6
jyutping-wong/naang7.wav,naang,7
jyutping-wong/naap1.wav,naap,1
jyutping-wong/naap2.wav,naap,2
jyutping-wong/naap3.wav,naap,3
jyutping-wong/naap4.wav,naap,4
jyutping-wong/naap5.wav,naap,5
jyutping-wong/naap6.wav,naap,6
jyutping-wong/naap7.wav,naap,7
jyutping-wong/naat1.wav,naat,1
jyutping-wong/naat2.wav,naat,2
jyutping-wong/naat3.wav,naat,3
jyutping-wong/naat4.wav,naat,4
jyutping-wong/naat5.wav,naat,5
jyutping-wong/naat6.wav,naat,6
jyutping-wong/naat7.wav,naat,7
jyutping-wong/naau1.wav,naau,1
jyutping-wong/naau2.wav,naau,2
jyutping-wong/naau3.wav,naau,3
jyutping-wong/naau4.wav,naau,4
jyutping-wong/naau5.wav,naau,5
jyutping-wong/naau6.wav,naau,6
jyutping-wong/naau7.wav,naau,7
jyutping-wong/nai1.wav,nai,1
jyutping-wong/nai2.wav,nai,2
jyutping-wong/nai3.wav,nai,3
jyutping-wong/nai4.wav,nai,4
jyutping-wong/nai5.wav,nai,5
jyutping-wong/nai6.wav,nai,6
jyutping-wong/nai7.wav,nai,7
jyutping-wong/nak1.wav,nak,1
jyutping-wong/nak2.wav,nak,2
jyutping-wong/nak3.wav,nak,3
jyutping-wong/nak4.wav,nak,4
jyutping-wong/nak5.wav,nak,5
jyutping-wong/nak6.wav,nak,6
jyutping-wong/nak7.wav,nak,7
jyutping-wong/nam1.wav,nam,1
jyutping-wong/nam2.wav,nam,2
jyutping-wong/nam3.wav,nam,3
jyutping-wong/nam4.wav,nam,4
jyutping-wong/nam5.wav,nam,5
jyutping-wong/nam6.wav,nam,6
jyutping-wong/nam7.wav,nam,7
jyutping-wong/nan1.wav,nan,1
jyutping-wong/nan2.wav,nan,2
jyutping-wong/nan3.wav,nan,3
jyutping-wong/nan4.wav,nan,4
jyutping-wong/nan5.wav,nan,5
jyutping-wong/nan6.wav,nan,6
jyutping-wong/nan7.wav,nan,7
jyutping-wong/nang1.wav,nang,1
jyutping-wong/nang2.wav,nang,2
jyutping-wong/nang3.wav,nang,3
jyutping-wong/nang4.wav,nang,4
jyutping-wong/nang5.wav,nang,5
jyutping-wong/nang6.wav,nang,6
jyutping-wong/nang7.wav,nang,7
jyutping-wong/nap1.wav,nap,1
jyutping-wong/nap2.wav,nap,2
jyutping-wong/nap3.wav,nap,3
jyutping-wong/nap4.wav,nap,4
jyutping-wong/nap5.wav,nap,5
jyutping-wong/nap6.wav,nap,6
jyutping-wong/nap7.wav,nap,7
jyutping-wong/nat1.wav,nat,1
jyutping-wong/nat2.wav,nat,2
jyutping-wong/nat3.wav,nat,3
jyutping-wong/nat4.wav,nat,4
jyutping-wong/nat5.wav,nat,5
jyutping-wong/nat6.wav,nat,6
jyutping-wong/nat7.wav,nat,7
jyutping-wong/nau1.wav,nau,1
jyutping-wong/nau2.wav,nau,2
jyutping-wong/nau3.wav,nau,3
jyutping-wong/nau4.wav,nau,4
jyutping-wong/nau5.wav,nau,5
jyutping-wong/nau6.wav,nau,6
jyutping-wong/nau7.wav,nau,7
jyutping-wong/ne1.wav,ne,1
jyutping-wong/ne2.wav,ne,2
jyutping-wong/ne3.wav,ne,3
jyutping-wong/ne4.wav,ne,4
jyutping-wong/ne5.wav,ne,5
jyutping-wong/ne6.wav,ne,6
jyutping-wong/ne7.wav,ne,7
jyutping-wong/nei1.wav,nei,1
jyutping-wong/nei2.wav,nei,2
jyutping-wong/nei3.wav,nei,3
jyutping-wong/nei4.wav,nei,4
jyutping-wong/nei5.wav,nei,5
jyutping-wong/nei6.wav,nei,6
jyutping-wong/nei7.wav,nei,7
jyutping-wong/neng1.wav,neng,1
jyutping-wong/neng2.wav,neng,2
jyutping-wong/neng3.wav,neng,3
jyutping-wong/neng4.wav,neng,4
jyutping-wong/neng5.wav,neng,5
jyutping-wong/neng6.wav,neng,6
jyutping-wong/neng7.wav,neng,7
jyutping-wong/neoi1.wav,neoi,1
jyutping-wong/neoi2.wav,neoi,2
jyutping-wong/neoi3.wav,neoi,3
jyutping-wong/neoi4.wav,neoi,4
jyutping-wong/neoi5.wav,neoi,5
jyutping-wong/neoi6.wav,neoi,6
jyutping-wong/neoi7.wav,neoi,7
jyutping-wong/neot1.wav,neot,1
jyutping-wong/neot2.wav,neot,2
jyutping-wong/neot3.wav,neot,3
jyutping-wong/neot4.wav,neot,4
jyutping-wong/neot5.wav,neot,5
jyutping-wong/neot6.wav,neot,6
jyutping-wong/neot7.wav,neot,7
jyutping-wong/ng1.wav,ng,1
jyutping-wong/ng2.wav,ng,2
jyutping-wong/ng3.wav,ng,3
jyutping-wong/ng4.wav,ng,4
jyutping-wong/ng5.wav,ng,5
jyutping-wong/ng6.wav,ng,6
jyutping-wong/ng7.wav,ng,7
jyutping-wong/ngaa1.wav,ngaa,1
jyutping-wong/ngaa2.wav,ngaa,2
jyutping-wong/ngaa3.wav,ngaa,3
jyutping-wong/ngaa4.wav,ngaa,4
jyutping-wong/ngaa5.wav,ngaa,5
jyutping-wong/ngaa6.wav,ngaa,6
jyutping-wong/ngaa7.wav,ngaa,7
jyutping-wong/ngaai1.wav,ngaai,1
jyutping-wong/ngaai2.wav,ngaai,2
jyutping-wong/ngaai3.wav,ngaai,3
jyutping-wong/ngaai4.wav,ngaai,4
jyutping-wong/ngaai5.wav,ngaai,5
jyutping-wong/ngaai6.wav,ngaai,6
jyutping-wong/ngaai7.wav,ngaai,7
jyutping-wong/ngaak1.wav,ngaak,1
jyutping-wong/ngaak2.wav,ngaak,2
jyutping-wong/ngaak3.wav,ngaak,3
jyutping-wong/ngaak4.wav,ngaak,4
jyutping-wong/ngaak5.wav,ngaak,5
jyutping-wong/ngaak6.wav,ngaak,6
jyutping-wong/ngaak7.wav,ngaak,7
jyutping-wong/ngaam1.wav,ngaam,1
jyutping-wong/ngaam2.wav,ngaam,2
jyutping-wong/ngaam3.wav,ngaam,3
jyutping-wong/ngaam4.wav,ngaam,4
jyutping-wong/ngaam5.wav,ngaam,5
jyutping-wong/ngaam6.wav,ngaam,6
jyutping-wong/ngaam7.wav,ngaam,7
jyutping-wong/ngaan1.wav,ngaan,1
jyutping-wong/ngaan2.wav,ngaan,2
jyutping-wong/ngaan3.wav,ngaan,3
jyutping-wong/ngaan4.wav,ngaan,4
jyutping-wong/ngaan5.wav,ngaan,5
jyutping-wong/ngaan6.wav,ngaan,6
jyutping-wong/ngaan7.wav,ngaan,7
jyutping-wong/ngaang1.wav,ngaang,1
jyutping-wong/ngaang2.wav,ngaang,2
jyutping-wong/ngaang3.wav,ngaang,3
jyutping-wong/ngaang4.wav,ngaang,4
jyutping-wong/ngaang5.wav,ngaang,5
jyutping-wong/ngaang6.wav,ngaang,6
jyutping-wong/ngaang7.wav,ngaang,7
jyutping-wong/ngaap1.wav,ngaap,1
jyutping-wong/ngaap2.wav,ngaap,2
jyutping-wong/ngaap3.wav,ngaap,3
jyutping-wong/ngaap4.wav,ngaap,4
jyutping-wong/ngaap5.wav,ngaap,5
jyutping-wong/ngaap6.wav,ngaap,6
jyutping-wong/ngaap7.wav,ngaap,7
jyutping-wong/ngaat1.wav,ngaat,1
jyutping-wong/ngaat2.wav,ngaat,2
jyutping-wong/ngaat3.wav,ngaat,3
jyutping-wong/ngaat4.wav,ngaat,4
jyutping-wong/ngaat5.wav,ngaat,5
jyutping-wong/ngaat6.wav,ngaat,6
jyutping-wong/ngaat7.wav,ngaat,7
jyutping-wong/ngaau1.wav,ngaau,1
jyutping-wong/ngaau2.wav,ngaau,2
jyutping-wong/ngaau3.wav,ngaau,3
jyutping-wong/ngaau4.wav,ngaau,4
jyutping-wong/ngaau5.wav,ngaau,5
jyutping-wong/ngaau6.wav,ngaau,6
jyutping-wong/ngaau7.wav,ngaau,7
jyutping-wong/ngai1.wav,ngai,1
jyutping-wong/ngai2.wav,ngai,2
jyutping-wong/ngai3.wav,ngai,3
jyutping-wong/ngai4.wav,ngai,4
jyutping-wong/ngai5.wav,ngai,5
jyutping-wong/ngai6.wav,ngai,6
jyutping-wong/ngai7.wav,ngai,7
jyutping-wong/ngak1.wav,ngak,1
jyutping-wong/ngak2.wav,ngak,2
jyutping-wong/ngak3.wav,ngak,3
jyutping-wong/ngak4.wav,ngak,4
jyutping-wong/ngak5.wav,ngak,5
jyutping-wong/ngak6.wav,ngak,6
jyutping-wong/ngak7.wav,ngak,7
jyutping-wong/ngam1.wav,ngam,1
jyutping-wong/ngam2.wav,ngam,2
jyutping-wong/ngam3.wav,ngam,3
jyutping-wong/ngam4.wav,ngam,4
jyutping-wong/ngam5.wav,ngam,5
jyutping-wong/ngam6.wav,ngam,6
jyutping-wong/ngam7.wav,ngam,7
jyutping-wong/ngan1.wav,ngan,1
jyutping-wong/ngan2.wav,ngan,2
jyutping-wong/ngan3.wav,ngan,3
jyutping-wong/ngan4.wav,ngan,4
jyutping-wong/ngan5.wav,ngan,5
jyutping-wong/ngan6.wav,ngan,6
jyutping-wong/ngan7.wav,ngan,7
jyutping-wong/ngang1.wav,ngang,1
jyutping-wong/ngang2.wav,ngang,2
jyutping-wong/ngang3.wav,ngang,3
jyutping-wong/ngang4.wav,ngang,4
jyutping-wong/ngang5.wav,ngang,5
jyutping-wong/ngang6.wav,ngang,6
jyutping-wong/ngang7.wav,ngang,7
jyutping-wong/ngap1.wav,ngap,1
jyutping-wong/ngap2.wav,ngap,2
jyutping-wong/ngap3.wav,ngap,3
jyutping-wong/ngap4.wav,ngap,4
jyutping-wong/ngap5.wav,ngap,5
jyutping-wong/ngap6.wav,ngap,6
jyutping-wong/ngap7.wav,ngap,7
jyutping-wong/ngat1.wav,ngat,1
jyutping-wong/ngat2.wav,ngat,2
jyutping-wong/ngat3.wav,ngat,3
jyutping-wong/ngat4.wav,ngat,4
jyutping-wong/ngat5.wav,ngat,5
jyutping-wong/ngat6.wav,ngat,6
jyutping-wong/ngat7.wav,ngat,7
jyutping-wong/ngau1.wav,ngau,1
jyutping-wong/ngau2.wav,ngau,2
jyutping-wong/ngau3.wav,ngau,3
jyutping-wong/ngau4.wav,ngau,4
jyutping-wong/ngau5.wav,ngau,5
jyutping-wong/ngau6.wav,ngau,6
jyutping-wong/ngau7.wav,ngau,7
jyutping-wong/nge1.wav,nge,1
jyutping-wong/nge2.wav,nge,2
jyutping-wong/nge3.wav,nge,3
jyutping-wong/nge4.wav,nge,4
jyutping-wong/nge5.wav,nge,5
jyutping-wong/nge6.wav,nge,6
jyutping-wong/nge7.wav,nge,7
jyutping-wong/ngi1.wav,ngi,1
jyutping-wong/ngi2.wav,ngi,2
jyutping-wong/ngi3.wav,ngi,3
jyutping-wong/ngi4.wav,ngi,4
jyutping-wong/ngi5.wav,ngi,5
jyutping-wong/ngi6.wav,ngi,6
jyutping-wong/ngi7.wav,ngi,7
jyutping-wong/ngit1.wav,ngit,1
jyutping-wong/ngit2.wav,ngit,2
jyutping-wong/ngit3.wav,ngit,3
jyutping-wong/ngit4.wav,ngit,4
jyutping-wong/ngit5.wav,ngit,5
jyutping-wong/ngit6.wav,ngit,6
jyutping-wong/ngit7.wav,ngit,7
jyutping-wong/ngo1.wav,ngo,1
jyutping-wong/ngo2.wav,ngo,2
jyutping-wong/ngo3.wav,ngo,3
jyutping-wong/ngo4.wav,ngo,4
jyutping-wong/ngo5.wav,ngo,5
jyutping-wong/ngo6.wav,ngo,6
jyutping-wong/ngo7.wav,ngo,7
jyutping-wong/ngoi1.wav,ngoi,1
jyutping-wong/ngoi2.wav,ngoi,2
jyutping-wong/ngoi3.wav,ngoi,3
jyutping-wong/ngoi4.wav,ngoi,4
jyutping-wong/ngoi5.wav,ngoi,5
jyutping-wong/ngoi6.wav,ngoi,6
jyutping-wong/ngoi7.wav,ngoi,7
jyutping-wong/ngok1.wav,ngok,1
jyutping-wong/ngok2.wav,ngok,2
jyutping-wong/ngok3.wav,ngok,3
jyutping-wong/ngok4.wav,ngok,4
jyutping-wong/ngok5.wav,ngok,5
jyutping-wong/ngok6.wav,ngok,6
jyutping-wong/ngok7.wav,ngok,7
jyutping-wong/ngon1.wav,ngon,1
jyutping-wong/ngon2.wav,ngon,2
jyutping-wong/ngon3.wav,ngon,3
jyutping-wong/ngon4.wav,ngon,4
jyutping-wong/ngon5.wav,ngon,5
jyutping-wong/ngon6.wav,ngon,6
jyutping-wong/ngon7.wav,ngon,7
jyutping-wong/ngong1.wav,ngong,1
jyutping-wong/ngong2.wav,ngong,2
jyutping-wong/ngong3.wav,ngong,3
jyutping-wong/ngong4.wav,ngong,4
jyutping-wong/ngong5.wav,ngong,5
jyutping-wong/ngong6.wav,ngong,6
jyutping-wong/ngong7.wav,ngong,7
jyutping-wong/ngou1.wav,ngou,1
jyutping-wong/ngou2.wav,ngou,2
jyutping-wong/ngou3.wav,ngou,3
jyutping-wong/ngou4.wav,ngou,4
jyutping-wong/ngou5.wav,ngou,5
jyutping-wong/ngou6.wav,ngou,6
jyutping-wong/ngou7.wav,ngou,7
jyutping-wong/nguk1.wav,nguk,1
jyutping-wong/nguk2.wav,nguk,2
jyutping-wong/nguk3.wav,nguk,3
jyutping-wong/nguk4.wav,nguk,4
jyutping-wong/nguk5.wav,nguk,5
jyutping-wong/nguk6.wav,nguk,6
jyutping-wong/nguk7.wav,nguk,7
jyutping-wong/ngung1.wav,ngung,1
jyutping-wong/ngung2.wav,ngung,2
jyutping-wong/ngung3.wav,ngung,3
jyutping-wong/ngung4.wav,ngung,4
jyutping-wong/ngung5.wav,ngung,5
jyutping-wong/ngung6.wav,ngung,6
jyutping-wong/ngung7.wav,ngung,7
jyutping-wong/ni1.wav,ni,1
jyutping-wong/ni2.wav,ni,2
jyutping-wong/ni3.wav,ni,3
jyutping-wong/ni4.wav,ni,4
jyutping-wong/ni5.wav,ni,5
jyutping-wong/ni6.wav,ni,6
jyutping-wong/ni7.wav,ni,7
jyutping-wong/nik1.wav,nik,1
jyutping-wong/nik2.wav,nik,2
jyutping-wong/nik3.wav,nik,3
jyutping-wong/nik4.wav,nik,4
jyutping-wong/nik5.wav,nik,5
jyutping-wong/nik6.wav,nik,6
jyutping-wong/nik7.wav,nik,7
jyutping-wong/nim1.wav,nim,1
jyutping-wong/nim2.wav,nim,2
jyutping-wong/nim3.wav,nim,3
jyutping-wong/nim4.wav,nim,4
jyutping-wong/nim5.wav,nim,5
jyutping-wong/nim6.wav,nim,6
jyutping-wong/nim7.wav,nim,7
jyutping-wong/nin1.wav,nin,1
jyutping-wong/nin2.wav,nin,2
jyutping-wong/nin3.wav,nin,3
jyutping-wong/nin4.wav,nin,4
jyutping-wong/nin5.wav,nin,5
jyutping-wong/nin6.wav,nin,6
jyutping-wong/nin7.wav,nin,7
jyutping-wong/ning1.wav,ning,1
jyutping-wong/ning2.wav,ning,2
jyutping-wong/ning3.wav,ning,3
jyutping-wong/ning4.wav,ning,4
jyutping-wong/ning5.wav,ning,5
jyutping-wong/ning6.wav,ning,6
jyutping-wong/ning7.wav,ning,7
jyutping-wong/nip1.wav,nip,1
jyutping-wong/nip2.wav,nip,2
jyutping-wong/nip3.wav,nip,3
jyutping-wong/nip4.wav,nip,4
jyutping-wong/nip5.wav,nip,5
jyutping-wong/nip6.wav,nip,6
jyutping-wong/nip7.wav,nip,7
jyutping-wong/nit1.wav,nit,1
jyutping-wong/nit2.wav,nit,2
jyutping-wong/nit3.wav,nit,3
jyutping-wong/nit4.wav,nit,4
jyutping-wong/nit5.wav,nit,5
jyutping-wong/nit6.wav,nit,6
jyutping-wong/nit7.wav,nit,7
jyutping-wong/niu1.wav,niu,1
jyutping-wong/niu2.wav,niu,2
jyutping-wong/niu3.wav,niu,3
jyutping-wong/niu4.wav,niu,4
jyutping-wong/niu5.wav,niu,5
jyutping-wong/niu6.wav,niu,6
jyutping-wong/niu7.wav,niu,7
jyutping-wong/no1.wav,no,1
jyutping-wong/no2.wav,no,2
jyutping-wong/no3.wav,no,3
jyutping-wong/no4.wav,no,4
jyutping-wong/no5.wav,no,5
jyutping-wong/no6.wav,no,6
jyutping-wong/no7.wav,no,7
jyutping-wong/noei1.wav,noei,1
jyutping-wong/noei2.wav,noei,2
jyutping-wong/noei3.wav,noei,3
jyutping-wong/noei4.wav,noei,4
jyutping-wong/noei5.wav,noei,5
jyutping-wong/noei6.wav,noei,6
jyutping-wong/noei7.wav,noei,7
jyutping-wong/noeng1.wav,noeng,1
jyutping-wong/noeng2.wav,noeng,2
jyutping-wong/noeng3.wav,noeng,3
jyutping-wong/noeng4.wav,noeng,4
jyutping-wong/noeng5.wav,noeng,5
jyutping-wong/noeng6.wav,noeng,6
jyutping-wong/noeng7.wav,noeng,7
jyutping-wong/noi1.wav,noi,1
jyutping-wong/noi2.wav,noi,2
jyutping-wong/noi3.wav,noi,3
jyutping-wong/noi4.wav,noi,4
jyutping-wong/noi5.wav,noi,5
jyutping-wong/noi6.wav,noi,6
jyutping-wong/noi7.wav,noi,7
jyutping-wong/nok1.wav,nok,1
jyutping-wong/nok2.wav,nok,2
jyutping-wong/nok3.wav,nok,3
jyutping-wong/nok4.wav,nok,4
jyutping-wong/nok5.wav,nok,5
jyutping-wong/nok6.wav,nok,6
jyutping-wong/nok7.wav,nok,7
jyutping-wong/nong1.wav,nong,1
jyutping-wong/nong2.wav,nong,2
jyutping-wong/nong3.wav,nong,3
jyutping-wong/nong4.wav,nong,4
jyutping-wong/nong5.wav,nong,5
jyutping-wong/nong6.wav,nong,6
jyutping-wong/nong7.wav,nong,7
jyutping-wong/nou1.wav,nou,1
jyutping-wong/nou2.wav,nou,2
jyutping-wong/nou3.wav,nou,3
jyutping-wong/nou4.wav,nou,4
jyutping-wong/nou5.wav,nou,5
jyutping-wong/nou6.wav,nou,6
jyutping-wong/nou7.wav,nou,7
jyutping-wong/nuk1.wav,nuk,1
jyutping-wong/nuk2.wav,nuk,2
jyutping-wong/nuk3.wav,nuk,3
jyutping-wong/nuk4.wav,nuk,4
jyutping-wong/nuk5.wav,nuk,5
jyutping-wong/nuk6.wav,nuk,6
jyutping-wong/nuk7.wav,nuk,7
jyutping-wong/nung1.wav,nung,1
jyutping-wong/nung2.wav,nung,2
jyutping-wong/nung3.wav,nung,3
jyutping-wong/nung4.wav,nung,4
jyutping-wong/nung5.wav,nung,5
jyutping-wong/nung6.wav,nung,6
jyutping-wong/nung7.wav,nung,7
jyutping-wong/nyun1.wav,nyun,1
jyutping-wong/nyun2.wav,nyun,2
jyutping-wong/nyun3.wav,nyun,3
jyutping-wong/nyun4.wav,nyun,4
jyutping-wong/nyun5.wav,nyun,5
jyutping-wong/nyun6.wav,nyun,6
jyutping-wong/nyun7.wav,nyun,7
jyutping-wong/o1.wav,o,1
jyutping-wong/o2.wav,o,2
jyutping-wong/o3.wav,o,3
jyutping-wong/o4.wav,o,4
jyutping-wong/o5.wav,o,5
jyutping-wong/o6.wav,o,6
jyutping-wong/o7.wav,o,7
jyutping-wong/oe1.wav,oe,1
jyutping-wong/oe2.wav,oe,2
jyutping-wong/oe3.wav,oe,3
jyutping-wong/oe4.wav,oe,4
jyutping-wong/oe5.wav,oe,5
jyutping-wong/oe6.wav,oe,6
jyutping-wong/oe7.wav,oe,7
jyutping-wong/oi1.wav,oi,1
jyutping-wong/oi2.wav,oi,2
jyutping-wong/oi3.wav,oi,3
jyutping-wong/oi4.wav,oi,4
jyutping-wong/oi5.wav,oi,5
jyutping-wong/oi6.wav,oi,6
jyutping-wong/oi7.wav,oi,7
jyutping-wong/ok1.wav,ok,1
jyutping-wong/ok2.wav,ok,2
jyutping-wong/ok3.wav,ok,3
jyutping-wong/ok4.wav,ok,4
jyutping-wong/ok5.wav,ok,5
jyutping-wong/ok6.wav,ok,6
jyutping-wong/ok7.wav,ok,7
jyutping-wong/om1.wav,om,1
jyutping-wong/om2.wav,om,2
jyutping-wong/om3.wav,om,3
jyutping-wong/om4.wav,om,4
jyutping-wong/om5.wav,om,5
jyutping-wong/om6.wav,om,6
jyutping-wong/om7.wav,om,7
jyutping-wong/on1.wav,on,1
jyutping-wong/on2.wav,on,2
jyutping-wong/on3.wav,on,3
jyutping-wong/on4.wav,on,4
jyutping-wong/on5.wav,on,5
jyutping-wong/on6.wav,on,6
jyutping-wong/on7.wav,on,7
jyutping-wong/ong1.wav,ong,1
jyutping-wong/ong2.wav,ong,2
jyutping-wong/ong3.wav,ong,3
jyutping-wong/ong4.wav,ong,4
jyutping-wong/ong5.wav,ong,5
jyutping-wong/ong6.wav,ong,6
jyutping-wong/ong7.wav,ong,7
jyutping-wong/ou1.wav,ou,1
jyutping-wong/ou2.wav,ou,2
jyutping-wong/ou3.wav,ou,3
jyutping-wong/ou4.wav,ou,4
jyutping-wong/ou5.wav,ou,5
jyutping-wong/ou6.wav,ou,6
jyutping-wong/ou7.wav,ou,7
jyutping-wong/paa1.wav,paa,1
jyutping-wong/paa2.wav,paa,2
jyutping-wong/paa3.wav,paa,3
jyutping-wong/paa4.wav,paa,4
jyutping-wong/paa5.wav,paa,5
jyutping-wong/paa6.wav,paa,6
jyutping-wong/paa7.wav,paa,7
jyutping-wong/paai1.wav,paai,1
jyutping-wong/paai2.wav,paai,2
jyutping-wong/paai3.wav,paai,3
jyutping-wong/paai4.wav,paai,4
jyutping-wong/paai5.wav,paai,5
jyutping-wong/paai6.wav,paai,6
jyutping-wong/paai7.wav,paai,7
jyutping-wong/paak1.wav,paak,1
jyutping-wong/paak2.wav,paak,2
jyutping-wong/paak3.wav,paak,3
jyutping-wong/paak4.wav,paak,4
jyutping-wong/paak5.wav,paak,5
jyutping-wong/paak6.wav,paak,6
jyutping-wong/paak7.wav,paak,7
jyutping-wong/paan1.wav,paan,1
jyutping-wong/paan2.wav,paan,2
jyutping-wong/paan3.wav,paan,3
jyutping-wong/paan4.wav,paan,4
jyutping-wong/paan5.wav,paan,5
jyutping-wong/paan6.wav,paan,6
jyutping-wong/paan7.wav,paan,7
jyutping-wong/paang1.wav,paang,1
jyutping-wong/paang2.wav,paang,2
jyutping-wong/paang3.wav,paang,3
jyutping-wong/paang4.wav,paang,4
jyutping-wong/paang5.wav,paang,5
jyutping-wong/paang6.wav,paang,6
jyutping-wong/paang7.wav,paang,7
jyutping-wong/paat1.wav,paat,1
jyutping-wong/paat2.wav,paat,2
jyutping-wong/paat3.wav,paat,3
jyutping-wong/paat4.wav,paat,4
jyutping-wong/paat5.wav,paat,5
jyutping-wong/paat6.wav,paat,6
jyutping-wong/paat7.wav,paat,7
jyutping-wong/paau1.wav,paau,1
jyutping-wong/paau2.wav,paau,2
jyutping-wong/paau3.wav,paau,3
jyutping-wong/paau4.wav,paau,4
jyutping-wong/paau5.wav,paau,5
jyutping-wong/paau6.wav,paau,6
jyutping-wong/paau7.wav,paau,7
jyutping-wong/pai1.wav,pai,1
jyutping-wong/pai2.wav,pai,2
jyutping-wong/pai3.wav,pai,3
jyutping-wong/pai4.wav,pai,4
jyutping-wong/pai5.wav,pai,5
jyutping-wong/pai6.wav,pai,6
jyutping-wong/pai7.wav,pai,7
jyutping-wong/pak1.wav,pak,1
jyutping-wong/pak2.wav,pak,2
jyutping-wong/pak3.wav,pak,3
jyutping-wong/pak4.wav,pak,4
jyutping-wong/pak5.wav,pak,5
jyutping-wong/pak6.wav,pak,6
jyutping-wong/pak7.wav,pak,7
jyutping-wong/pan1.wav,pan,1
jyutping-wong/pan2.wav,pan,2
jyutping-wong/pan3.wav,pan,3
jyutping-wong/pan4.wav,pan,4
jyutping-wong/pan5.wav,pan,5
jyutping-wong/pan6.wav,pan,6
jyutping-wong/pan7.wav,pan,7
jyutping-wong/pang1.wav,pang,1
jyutping-wong/pang2.wav,pang,2
jyutping-wong/pang3.wav,pang,3
jyutping-wong/pang4.wav,pang,4
jyutping-wong/pang5.wav,pang,5
jyutping-wong/pang6.wav,pang,6
jyutping-wong/pang7.wav,pang,7
jyutping-wong/pat1.wav,pat,1
jyutping-wong/pat2.wav,pat,2
jyutping-wong/pat3.wav,pat,3
jyutping-wong/pat4.wav,pat,4
jyutping-wong/pat5.wav,pat,5
jyutping-wong/pat6.wav,pat,6
jyutping-wong/pat7.wav,pat,7
jyutping-wong/pau1.wav,pau,1
jyutping-wong/pau2.wav,pau,2
jyutping-wong/pau3.wav,pau,3
jyutping-wong/pau4.wav,pau,4
jyutping-wong/pau5.wav,pau,5
jyutping-wong/pau6.wav,pau,6
jyutping-wong/pau7.wav,pau,7
jyutping-wong/pe1.wav,pe,1
jyutping-wong/pe2.wav,pe,2
jyutping-wong/pe3.wav,pe,3
jyutping-wong/pe4.wav,pe,4
jyutping-wong/pe5.wav,pe,5
jyutping-wong/pe6.wav,pe,6
jyutping-wong/pe7.wav,pe,7
jyutping-wong/pei1.wav,pei,1
jyutping-wong/pei2.wav,pei,2
jyutping-wong/pei3.wav,pei,3
jyutping-wong/pei4.wav,pei,4
jyutping-wong/pei5.wav,pei,5
jyutping-wong/pei6.wav,pei,6
jyutping-wong/pei7.wav,pei,7
jyutping-wong/pek1.wav,pek,1
jyutping-wong/pek2.wav,pek,2
jyutping-wong/pek3.wav,pek,3
jyutping-wong/pek4.wav,pek,4
jyutping-wong/pek5.wav,pek,5
jyutping-wong/pek6.wav,pek,6
jyutping-wong/pek7.wav,pek,7
jyutping-wong/peng1.wav,peng,1
jyutping-wong/peng2.wav,peng,2
jyutping-wong/peng3.wav,peng,3
jyutping-wong/peng4.wav,peng,4
jyutping-wong/peng5.wav,peng,5
jyutping-wong/peng6.wav,peng,6
jyutping-wong/peng7.wav,peng,7
jyutping-wong/pet1.wav,pet,1
jyutping-wong/pet2.wav,pet,2
jyutping-wong/pet3.wav,pet,3
jyutping-wong/pet4.wav,pet,4
jyutping-wong/pet5.wav,pet,5
jyutping-wong/pet6.wav,pet,6
jyutping-wong/pet7.wav,pet,7
jyutping-wong/pik1.wav,pik,1
jyutping-wong/pik2.wav,pik,2
jyutping-wong/pik3.wav,pik,3
jyutping-wong/pik4.wav,pik,4
jyutping-wong/pik5.wav,pik,5
jyutping-wong/pik6.wav,pik,6
jyutping-wong/pik7.wav,pik,7
jyutping-wong/pin1.wav,pin,1
jyutping-wong/pin2.wav,pin,2
jyutping-wong/pin3.wav,pin,3
jyutping-wong/pin4.wav,pin,4
jyutping-wong/pin5.wav,pin,5
jyutping-wong/pin6.wav,pin,6
jyutping-wong/pin7.wav,pin,7
jyutping-wong/ping1.wav,ping,1
jyutping-wong/ping2.wav,ping,2
jyutping-wong/ping3.wav,ping,3
jyutping-wong/ping4.wav,ping,4
jyutping-wong/ping5.wav,ping,5
jyutping-wong/ping6.wav,ping,6
jyutping-wong/ping7.wav,ping,7
jyutping-wong/pit1.wav,pit,1
jyutping-wong/pit2.wav,pit,2
jyutping-wong/pit3.wav,pit,3
jyutping-wong/pit4.wav,pit,4
jyutping-wong/pit5.wav,pit,5
jyutping-wong/pit6.wav,pit,6
jyutping-wong/pit7.wav,pit,7
jyutping-wong/piu1.wav,piu,1
jyutping-wong/piu2.wav,piu,2
jyutping-wong/piu3.wav,piu,3
jyutping-wong/piu4.wav,piu,4
jyutping-wong/piu5.wav,piu,5
jyutping-wong/piu6.wav,piu,6
jyutping-wong/piu7.wav,piu,7
jyutping-wong/po1.wav,po,1
jyutping-wong/po2.wav,po,2
jyutping-wong/po3.wav,po,3
jyutping-wong/po4.wav,po,4
jyutping-wong/po5.wav,po,5
jyutping-wong/po6.wav,po,6
jyutping-wong/po7.wav,po,7
jyutping-wong/pok1.wav,pok,1
jyutping-wong/pok2.wav,pok,2
jyutping-wong/pok3.wav,pok,3
jyutping-wong/pok4.wav,pok,4
jyutping-wong/pok5.wav,pok,5
jyutping-wong/pok6.wav,pok,6
jyutping-wong/pok7.wav,pok,7
jyutping-wong/pong1.wav,pong,1
jyutping-wong/pong2.wav,pong,2
jyutping-wong/pong3.wav,pong,3
jyutping-wong/pong4.wav,pong,4
jyutping-wong/pong5.wav,pong,5
jyutping-wong/pong6.wav,pong,6
jyutping-wong/pong7.wav,pong,7
jyutping-wong/pou1.wav,pou,1
jyutping-wong/pou2.wav,pou,2
jyutping-wong/pou3.wav,pou,3
jyutping-wong/pou4.wav,pou,4
jyutping-wong/pou5.wav,pou,5
jyutping-wong/pou6.wav,pou,6
jyutping-wong/pou7.wav,pou,7
jyutping-wong/pui1.wav,pui,1
jyutping-wong/pui2.wav,pui,2
jyutping-wong/pui3.wav,pui,3
jyutping-wong/pui4.wav,pui,4
jyutping-wong/pui5.wav,pui,5
jyutping-wong/pui6.wav,pui,6
jyutping-wong/pui7.wav,pui,7
jyutping-wong/puk1.wav,puk,1
jyutping-wong/puk2.wav,puk,2
jyutping-wong/puk3.wav,puk,3
jyutping-wong/puk4.wav,puk,4
jyutping-wong/puk5.wav,puk,5
jyutping-wong/puk6.wav,puk,6
jyutping-wong/puk7.wav,puk,7
jyutping-wong/pun1.wav,pun,1
jyutping-wong/pun2.wav,pun,2
jyutping-wong/pun3.wav,pun,3
jyutping-wong/pun4.wav,pun,4
jyutping-wong/pun5.wav,pun,5
jyutping-wong/pun6.wav,pun,6
jyutping-wong/pun7.wav,pun,7
jyutping-wong/pung1.wav,pung,1
jyutping-wong/pung2.wav,pung,2
jyutping-wong/pung3.wav,pung,3
jyutping-wong/pung4.wav,pung,4
jyutping-wong/pung5.wav,pung,5
jyutping-wong/pung6.wav,pung,6
jyutping-wong/pung7.wav,pung,7
jyutping-wong/put1.wav,put,1
jyutping-wong/put2.wav,put,2
jyutping-wong/put3.wav,put,3
jyutping-wong/put4.wav,put,4
jyutping-wong/put5.wav,put,5
jyutping-wong/put6.wav,put,6
jyutping-wong/put7.wav,put,7
jyutping-wong/saa1.wav,saa,1
jyutping-wong/saa2.wav,saa,2
jyutping-wong/saa3.wav,saa,3
jyutping-wong/saa4.wav,saa,4
jyutping-wong/saa5.wav,saa,5
jyutping-wong/saa6.wav,saa,6
jyutping-wong/saa7.wav,saa,7
jyutping-wong/saai1.wav,saai,1
jyutping-wong/saai2.wav,saai,2
jyutping-wong/saai3.wav,saai,3
jyutping-wong/saai4.wav,saai,4
jyutping-wong/saai5.wav,saai,5
jyutping-wong/saai6.wav,saai,6
jyutping-wong/saai7.wav,saai,7
jyutping-wong/saak1.wav,saak,1
jyutping-wong/saak2.wav,saak,2
jyutping-wong/saak3.wav,saak,3
jyutping-wong/saak4.wav,saak,4
jyutping-wong/saak5.wav,saak,5
jyutping-wong/saak6.wav,saak,6
jyutping-wong/saak7.wav,saak,7
jyutping-wong/saam1.wav,saam,1
jyutping-wong/saam2.wav,saam,2
jyutping-wong/saam3.wav,saam,3
jyutping-wong/saam4.wav,saam,4
jyutping-wong/saam5.wav,saam,5
jyutping-wong/saam6.wav,saam,6
jyutping-wong/saam7.wav,saam,7
jyutping-wong/saan1.wav,saan,1
jyutping-wong/saan2.wav,saan,2
jyutping-wong/saan3.wav,saan,3
jyutping-wong/saan4.wav,saan,4
jyutping-wong/saan5.wav,saan,5
jyutping-wong/saan6.wav,saan,6
jyutping-wong/saan7.wav,saan,7
jyutping-wong/saang1.wav,saang,1
jyutping-wong/saang2.wav,saang,2
jyutping-wong/saang3.wav,saang,3
jyutping-wong/saang4.wav,saang,4
jyutping-wong/saang5.wav,saang,5
jyutping-wong/saang6.wav,saang,6
jyutping-wong/saang7.wav,saang,7
jyutping-wong/saap1.wav,saap,1
jyutping-wong/saap2.wav,saap,2
jyutping-wong/saap3.wav,saap,3
jyutping-wong/saap4.wav,saap,4
jyutping-wong/saap5.wav,saap,5
jyutping-wong/saap6.wav,saap,6
jyutping-wong/saap7.wav,saap,7
jyutping-wong/saat1.wav,saat,1
jyutping-wong/saat2.wav,saat,2
jyutping-wong/saat3.wav,saat,3
jyutping-wong/saat4.wav,saat,4
jyutping-wong/saat5.wav,saat,5
jyutping-wong/saat6.wav,saat,6
jyutping-wong/saat7.wav,saat,7
jyutping-wong/saau1.wav,saau,1
jyutping-wong/saau2.wav,saau,2
jyutping-wong/saau3.wav,saau,3
jyutping-wong/saau4.wav,saau,4
jyutping-wong/saau5.wav,saau,5
jyutping-wong/saau6.wav,saau,6
jyutping-wong/saau7.wav,saau,7
jyutping-wong/sai1.wav,sai,1
jyutping-wong/sai2.wav,sai,2
jyutping-wong/sai3.wav,sai,3
jyutping-wong/sai4.wav,sai,4
jyutping-wong/sai5.wav,sai,5
jyutping-wong/sai6.wav,sai,6
jyutping-wong/sai7.wav,sai,7
jyutping-wong/sak1.wav,sak,1
jyutping-wong/sak2.wav,sak,2
jyutping-wong/sak3.wav,sak,3
jyutping-wong/sak4.wav,sak,4
jyutping-wong/sak5.wav,sak,5
jyutping-wong/sak6.wav,sak,6
jyutping-wong/sak7.wav,sak,7
jyutping-wong/sam1.wav,sam,1
jyutping-wong/sam2.wav,sam,2
jyutping-wong/sam3.wav,sam,3
jyutping-wong/sam4.wav,sam,4
jyutping-wong/sam5.wav,sam,5
jyutping-wong/sam6.wav,sam,6
jyutping-wong/sam7.wav,sam,7
jyutping-wong/san1.wav,san,1
jyutping-wong/san2.wav,san,2
jyutping-wong/san3.wav,san,3
jyutping-wong/san4.wav,san,4
jyutping-wong/san5.wav,san,5
jyutping-wong/san6.wav,san,6
jyutping-wong/san7.wav,san,7
jyutping-wong/sang1.wav,sang,1
jyutping-wong/sang2.wav,sang,2
jyutping-wong/sang3.wav,sang,3
jyutping-wong/sang4.wav,sang,4
jyutping-wong/sang5.wav,sang,5
jyutping-wong/sang6.wav,sang,6
jyutping-wong/sang7.wav,sang,7
jyutping-wong/sap1.wav,sap,1
jyutping-wong/sap2.wav,sap,2
jyutping-wong/sap3.wav,sap,3
jyutping-wong/sap4.wav,sap,4
jyutping-wong/sap5.wav,sap,5
jyutping-wong/sap6.wav,sap,6
jyutping-wong/sap7.wav,sap,7
jyutping-wong/sat1.wav,sat,1
jyutping-wong/sat2.wav,sat,2
jyutping-wong/sat3.wav,sat,3
jyutping-wong/sat4.wav,sat,4
jyutping-wong/sat5.wav,sat,5
jyutping-wong/sat6.wav,sat,6
jyutping-wong/sat7.wav,sat,7
jyutping-wong/sau1.wav,sau,1
jyutping-wong/sau2.wav,sau,2
jyutping-wong/sau3.wav,sau,3
jyutping-wong/sau4.wav,sau,4
jyutping-wong/sau5.wav,sau,5
jyutping-wong/sau6.wav,sau,6
jyutping-wong/sau7.wav,sau,7
jyutping-wong/se1.wav,se,1
jyutping-wong/se2.wav,se,2
jyutping-wong/se3.wav,se,3
jyutping-wong/se4.wav,se,4
jyutping-wong/se5.wav,se,5
jyutping-wong/se6.wav,se,6
jyutping-wong/se7.wav,se,7
jyutping-wong/sei1.wav,sei,1
jyutping-wong/sei2.wav,sei,2
jyutping-wong/sei3.wav,sei,3
jyutping-wong/sei4.wav,sei,4
jyutping-wong/sei5.wav,sei,5
jyutping-wong/sei6.wav,sei,6
jyutping-wong/sei7.wav,sei,7
jyutping-wong/sek1.wav,sek,1
jyutping-wong/sek2.wav,sek,2
jyutping-wong/sek3.wav,sek,3
jyutping-wong/sek4.wav,sek,4
jyutping-wong/sek5.wav,sek,5
jyutping-wong/sek6.wav,sek,6
jyutping-wong/sek7.wav,sek,7
jyutping-wong/seng1.wav,seng,1
jyutping-wong/seng2.wav,seng,2
jyutping-wong/seng3.wav,seng,3
jyutping-wong/seng4.wav,seng,4
jyutping-wong/seng5.wav,seng,5
jyutping-wong/seng6.wav,seng,6
jyutping-wong/seng7.wav,seng,7
jyutping-wong/seoi1.wav,seoi,1
jyutping-wong/seoi2.wav,seoi,2
jyutping-wong/seoi3.wav,seoi,3
jyutping-wong/seoi4.wav,seoi,4
jyutping-wong/seoi5.wav,seoi,5
jyutping-wong/seoi6.wav,seoi,6
jyutping-wong/seoi7.wav,seoi,7
jyutping-wong/seon1.wav,seon,1
jyutping-wong/seon2.wav,seon,2
jyutping-wong/seon3.wav,seon,3
jyutping-wong/seon4.wav,seon,4
jyutping-wong/seon5.wav,seon,5
jyutping-wong/seon6.wav,seon,6
jyutping-wong/seon7.wav,seon,7
jyutping-wong/seot1.wav,seot,1
jyutping-wong/seot2.wav,seot,2
jyutping-wong/seot3.wav,seot,3
jyutping-wong/seot4.wav,seot,4
jyutping-wong/seot5.wav,seot,5
jyutping-wong/seot6.wav,seot,6
jyutping-wong/seot7.wav,seot,7
jyutping-wong/si1.wav,si,1
jyutping-wong/si2.wav,si,2
jyutping-wong/si3.wav,si,3
jyutping-wong/si4.wav,si,4
jyutping-wong/si5.wav,si,5
jyutping-wong/si6.wav,si,6
jyutping-wong/si7.wav,si,7
jyutping-wong/sik1.wav,sik,1
jyutping-wong/sik2.wav,sik,2
jyutping-wong/sik3.wav,sik,3
jyutping-wong/sik4.wav,sik,4
jyutping-wong/sik5.wav,sik,5
jyutping-wong/sik6.wav,sik,6
jyutping-wong/sik7.wav,sik,7
jyutping-wong/sim1.wav,sim,1
jyutping-wong/sim2.wav,sim,2
jyutping-wong/sim3.wav,sim,3
jyutping-wong/sim4.wav,sim,4
jyutping-wong/sim5.wav,sim,5
jyutping-wong/sim6.wav,sim,6
jyutping-wong/sim7.wav,sim,7
jyutping-wong/sin1.wav,sin,1
jyutping-wong/sin2.wav,sin,2
jyutping-wong/sin3.wav,sin,3
jyutping-wong/sin4.wav,sin,4
jyutping-wong/sin5.wav,sin,5
jyutping-wong/sin6.wav,sin,6
jyutping-wong/sin7.wav,sin,7
jyutping-wong/sing1.wav,sing,1
jyutping-wong/sing2.wav,sing,2
jyutping-wong/sing3.wav,sing,3
jyutping-wong/sing4.wav,sing,4
jyutping-wong/sing5.wav,sing,5
jyutping-wong/sing6.wav,sing,6
jyutping-wong/sing7.wav,sing,7
jyutping-wong/sip1.wav,sip,1
jyutping-wong/sip2.wav,sip,2
jyutping-wong/sip3.wav,sip,3
jyutping-wong/sip4.wav,sip,4
jyutping-wong/sip5.wav,sip,5
jyutping-wong/sip6.wav,sip,6
jyutping-wong/sip7.wav,sip,7
jyutping-wong/sit1.wav,sit,1
jyutping-wong/sit2.wav,sit,2
jyutping-wong/sit3.wav,sit,3
jyutping-wong/sit4.wav,sit,4
jyutping-wong/sit5.wav,sit,5
jyutping-wong/sit6.wav,sit,6
jyutping-wong/sit7.wav,sit,7
jyutping-wong/siu1.wav,siu,1
jyutping-wong/siu2.wav,siu,2
jyutping-wong/siu3.wav,siu,3
jyutping-wong/siu4.wav,siu,4
jyutping-wong/siu5.wav,siu,5
jyutping-wong/siu6.wav,siu,6
jyutping-wong/siu7.wav,siu,7
jyutping-wong/so1.wav,so,1
jyutping-wong/so2.wav,so,2
jyutping-wong/so3.wav,so,3
jyutping-wong/so4.wav,so,4
jyutping-wong/so5.wav,so,5
jyutping-wong/so6.wav,so,6
jyutping-wong/so7.wav,so,7
jyutping-wong/soe1.wav,soe,1
jyutping-wong/soe2.wav,soe,2
jyutping-wong/soe3.wav,soe,3
jyutping-wong/soe4.wav,soe,4
jyutping-wong/soe5.wav,soe,5
jyutping-wong/soe6.wav,soe,6
jyutping-wong/soe7.wav,soe,7
jyutping-wong/soek1.wav,soek,1
jyutping-wong/soek2.wav,soek,2
jyutping-wong/soek3.wav,soek,3
jyutping-wong/soek4.wav,soek,4
jyutping-wong/soek5.wav,soek,5
jyutping-wong/soek6.wav,soek,6
jyutping-wong/soek7.wav,soek,7
jyutping-wong/soeng1.wav,soeng,1
jyutping-wong/soeng2.wav,soeng,2
jyutping-wong/soeng3.wav,soeng,3
jyutping-wong/soeng4.wav,soeng,4
jyutping-wong/soeng5.wav,soeng,5
jyutping-wong/soeng6.wav,soeng,6
jyutping-wong/soeng7.wav,soeng,7
jyutping-wong/soet1.wav,soet,1
jyutping-wong/soet2.wav,soet,2
jyutping-wong/soet3.wav,soet,3
jyutping-wong/soet4.wav,soet,4
jyutping-wong/soet5.wav,soet,5
jyutping-wong/soet6.wav,soet,6
jyutping-wong/soet7.wav,soet,7
jyutping-wong/soi1.wav,soi,1
jyutping-wong/soi2.wav,soi,2
jyutping-wong/soi3.wav,soi,3
jyutping-wong/soi4.wav,soi,4
jyutping-wong/soi5.wav,soi,5
jyutping-wong/soi6.wav,soi,6
jyutping-wong/soi7.wav,soi,7
jyutping-wong/sok1.wav,sok,1
jyutping-wong/sok2.wav,sok,2
jyutping-wong/sok3.wav,sok,3
jyutping-wong/sok4.wav,sok,4
jyutping-wong/sok5.wav,sok,5
jyutping-wong/sok6.wav,sok,6
jyutping-wong/sok7.wav,sok,7
jyutping-wong/song1.wav,song,1
jyutping-wong/song2.wav,song,2
jyutping-wong/song3.wav,song,3
jyutping-wong/song4.wav,song,4
jyutping-wong/song5.wav,song,5
jyutping-wong/song6.wav,song,6
jyutping-wong/song7.wav,song,7
jyutping-wong/sou1.wav,sou,1
jyutping-wong/sou2.wav,sou,2
jyutping-wong/sou3.wav,sou,3
jyutping-wong/sou4.wav,sou,4
jyutping-wong/sou5.wav,sou,5
jyutping-wong/sou6.wav,sou,6
jyutping-wong/sou7.wav,sou,7
jyutping-wong/suk1.wav,suk,1
jyutping-wong/suk2.wav,suk,2
jyutping-wong/suk3.wav,suk,3
jyutping-wong/suk4.wav,suk,4
jyutping-wong/suk5.wav,suk,5
jyutping-wong/suk6.wav,suk,6
jyutping-wong/suk7.wav,suk,7
jyutping-wong/sung1.wav,sung,1
jyutping-wong/sung2.wav,sung,2
jyutping-wong/sung3.wav,sung,3
jyutping-wong/sung4.wav,sung,4
jyutping-wong/sung5.wav,sung,5
jyutping-wong/sung6.wav,sung,6
jyutping-wong/sung7.wav,sung,7
jyutping-wong/syu1.wav,syu,1
jyutping-wong/syu2.wav,syu,2
jyutping-wong/syu3.wav,syu,3
jyutping-wong/syu4.wav,syu,4
jyutping-wong/syu5.wav,syu,5
jyutping-wong/syu6.wav,syu,6
jyutping-wong/syu7.wav,syu,7
jyutping-wong/syun1.wav,syun,1
jyutping-wong/syun2.wav,syun,2
jyutping-wong/syun3.wav,syun,3
jyutping-wong/syun4.wav,syun,4
jyutping-wong/syun5.wav,syun,5
jyutping-wong/syun6.wav,syun,6
jyutping-wong/syun7.wav,syun,7
jyutping-wong/syut1.wav,syut,1
jyutping-wong/syut2.wav,syut,2
jyutping-wong/syut3.wav,syut,3
jyutping-wong/syut4.wav,syut,4
jyutping-wong/syut5.wav,syut,5
jyutping-wong/syut6.wav,syut,6
jyutping-wong/syut7.wav,syut,7
jyutping-wong/taa1.wav,taa,1
jyutping-wong/taa2.wav,taa,2
jyutping-wong/taa3.wav,taa,3
jyutping-wong/taa4.wav,taa,4
jyutping-wong/taa5.wav,taa,5
jyutping-wong/taa6.wav,taa,6
jyutping-wong/taa7.wav,taa,7
jyutping-wong/taai1.wav,taai,1
jyutping-wong/taai2.wav,taai,2
jyutping-wong/taai3.wav,taai,3
jyutping-wong/taai4.wav,taai,4
jyutping-wong/taai5.wav,taai,5
jyutping-wong/taai6.wav,taai,6
jyutping-wong/taai7.wav,taai,7
jyutping-wong/taam1.wav,taam,1
jyutping-wong/taam2.wav,taam,2
jyutping-wong/taam3.wav,taam,3
jyutping-wong/taam4.wav,taam,4
jyutping-wong/taam5.wav,taam,5
jyutping-wong/taam6.wav,taam,6
jyutping-wong/taam7.wav,taam,7
jyutping-wong/taan1.wav,taan,1
jyutping-wong/taan2.wav,taan,2
jyutping-wong/taan3.wav,taan,3
jyutping-wong/taan4.wav,taan,4
jyutping-wong/taan5.wav,taan,5
jyutping-wong/taan6.wav,taan,6
jyutping-wong/taan7.wav,taan,7
jyutping-wong/taang1.wav,taang,1
jyutping-wong/taang2.wav,taang,2
jyutping-wong/taang3.wav,taang,3
jyutping-wong/taang4.wav,taang,4
jyutping-wong/taang5.wav,taang,5
jyutping-wong/taang6.wav,taang,6
jyutping-wong/taang7.wav,taang,7
jyutping-wong/taap1.wav,taap,1
jyutping-wong/taap2.wav,taap,2
jyutping-wong/taap3.wav,taap,3
jyutping-wong/taap4.wav,taap,4
jyutping-wong/taap5.wav,taap,5
jyutping-wong/taap6.wav,taap,6
jyutping-wong/taap7.wav,taap,7
jyutping-wong/taat1.wav,taat,1
jyutping-wong/taat2.wav,taat,2
jyutping-wong/taat3.wav,taat,3
jyutping-wong/taat4.wav,taat,4
jyutping-wong/taat5.wav,taat,5
jyutping-wong/taat6.wav,taat,6
jyutping-wong/taat7.wav,taat,7
jyutping-wong/taau1.wav,taau,1
jyutping-wong/taau2.wav,taau,2
jyutping-wong/taau3.wav,taau,3
jyutping-wong/taau4.wav,taau,4
jyutping-wong/taau5.wav,taau,5
jyutping-wong/taau6.wav,taau,6
jyutping-wong/taau7.wav,taau,7
jyutping-wong/tai1.wav,tai,1
jyutping-wong/tai2.wav,tai,2
jyutping-wong/tai3.wav,tai,3
jyutping-wong/tai4.wav,tai,4
jyutping-wong/tai5.wav,tai,5
jyutping-wong/tai6.wav,tai,6
jyutping-wong/tai7.wav,tai,7
jyutping-wong/tam1.wav,tam,1
jyutping-wong/tam2.wav,tam,2
jyutping-wong/tam3.wav,tam,3
jyutping-wong/tam4.wav,tam,4
jyutping-wong/tam5.wav,tam,5
jyutping-wong/tam6.wav,tam,6
jyutping-wong/tam7.wav,tam,7
jyutping-wong/tan1.wav,tan,1
jyutping-wong/tan2.wav,tan,2
jyutping-wong/tan3.wav,tan,3
jyutping-wong/tan4.wav,tan,4
jyutping-wong/tan5.wav,tan,5
jyutping-wong/tan6.wav,tan,6
jyutping-wong/tan7.wav,tan,7
jyutping-wong/tang1.wav,tang,1
jyutping-wong/tang2.wav,tang,2
jyutping-wong/tang3.wav,tang,3
jyutping-wong/tang4.wav,tang,4
jyutping-wong/tang5.wav,tang,5
jyutping-wong/tang6.wav,tang,6
jyutping-wong/tang7.wav,tang,7
jyutping-wong/tap1.wav,tap,1
jyutping-wong/tap2.wav,tap,2
jyutping-wong/tap3.wav,tap,3
jyutping-wong/tap4.wav,tap,4
jyutping-wong/tap5.wav,tap,5
jyutping-wong/tap6.wav,tap,6
jyutping-wong/tap7.wav,tap,7
jyutping-wong/tat1.wav,tat,1
jyutping-wong/tat2.wav,tat,2
jyutping-wong/tat3.wav,tat,3
jyutping-wong/tat4.wav,tat,4
jyutping-wong/tat5.wav,tat,5
jyutping-wong/tat6.wav,tat,6
jyutping-wong/tat7.wav,tat,7
jyutping-wong/tau1.wav,tau,1
jyutping-wong/tau2.wav,tau,2
jyutping-wong/tau3.wav,tau,3
jyutping-wong/tau4.wav,tau,4
jyutping-wong/tau5.wav,tau,5
jyutping-wong/tau6.wav,tau,6
jyutping-wong/tau7.wav,tau,7
jyutping-wong/tek1.wav,tek,1
jyutping-wong/tek2.wav,tek,2
jyutping-wong/tek3.wav,tek,3
jyutping-wong/tek4.wav,tek,4
jyutping-wong/tek5.wav,tek,5
jyutping-wong/tek6.wav,tek,6
jyutping-wong/tek7.wav,tek,7
jyutping-wong/teng1.wav,teng,1
jyutping-wong/teng2.wav,teng,2
jyutping-wong/teng3.wav,teng,3
jyutping-wong/teng4.wav,teng,4
jyutping-wong/teng5.wav,teng,5
jyutping-wong/teng6.wav,teng,6
jyutping-wong/teng7.wav,teng,7
jyutping-wong/teoi1.wav,teoi,1
jyutping-wong/teoi2.wav,teoi,2
jyutping-wong/teoi3.wav,teoi,3
jyutping-wong/teoi4.wav,teoi,4
jyutping-wong/teoi5.wav,teoi,5
jyutping-wong/teoi6.wav,teoi,6
jyutping-wong/teoi7.wav,teoi,7
jyutping-wong/teon1.wav,teon,1
jyutping-wong/teon2.wav,teon,2
jyutping-wong/teon3.wav,teon,3
jyutping-wong/teon4.wav,teon,4
jyutping-wong/teon5.wav,teon,5
jyutping-wong/teon6.wav,teon,6
jyutping-wong/teon7.wav,teon,7
jyutping-wong/ti1.wav,ti,1
jyutping-wong/ti2.wav,ti,2
jyutping-wong/ti3.wav,ti,3
jyutping-wong/ti4.wav,ti,4
jyutping-wong/ti5.wav,ti,5
jyutping-wong/ti6.wav,ti,6
jyutping-wong/ti7.wav,ti,7
jyutping-wong/tik1.wav,tik,1
jyutping-wong/tik2.wav,tik,2
jyutping-wong/tik3.wav,tik,3
jyutping-wong/tik4.wav,tik,4
jyutping-wong/tik5.wav,tik,5
jyutping-wong/tik6.wav,tik,6
jyutping-wong/tik7.wav,tik,7
jyutping-wong/tim1.wav,tim,1
jyutping-wong/tim2.wav,tim,2
jyutping-wong/tim3.wav,tim,3
jyutping-wong/tim4.wav,tim,4
jyutping-wong/tim5.wav,tim,5
jyutping-wong/tim6.wav,tim,6
jyutping-wong/tim7.wav,tim,7
jyutping-wong/tin1.wav,tin,1
jyutping-wong/tin2.wav,tin,2
jyutping-wong/tin3.wav,tin,3
jyutping-wong/tin4.wav,tin,4
jyutping-wong/tin5.wav,tin,5
jyutping-wong/tin6.wav,tin,6
jyutping-wong/tin7.wav,tin,7
jyutping-wong/ting1.wav,ting,1
jyutping-wong/ting2.wav,ting,2
jyutping-wong/ting3.wav,ting,3
jyutping-wong/ting4.wav,ting,4
jyutping-wong/ting5.wav,ting,5
jyutping-wong/ting6.wav,ting,6
jyutping-wong/ting7.wav,ting,7
jyutping-wong/tip1.wav,tip,1
jyutping-wong/tip2.wav,tip,2
jyutping-wong/tip3.wav,tip,3
jyutping-wong/tip4.wav,tip,4
jyutping-wong/tip5.wav,tip,5
jyutping-wong/tip6.wav,tip,6
jyutping-wong/tip7.wav,tip,7
jyutping-wong/tit1.wav,tit,1
jyutping-wong/tit2.wav,tit,2
jyutping-wong/tit3.wav,tit,3
jyutping-wong/tit4.wav,tit,4
jyutping-wong/tit5.wav,tit,5
jyutping-wong/tit6.wav,tit,6
jyutping-wong/tit7.wav,tit,7
jyutping-wong/tiu1.wav,tiu,1
jyutping-wong/tiu2.wav,tiu,2
jyutping-wong/tiu3.wav,tiu,3
jyutping-wong/tiu4.wav,tiu,4
jyutping-wong/tiu5.wav,tiu,5
jyutping-wong/tiu6.wav,tiu,6
jyutping-wong/tiu7.wav,tiu,7
jyutping-wong/to1.wav,to,1
jyutping-wong/to2.wav,to,2
jyutping-wong/to3.wav,to,3
jyutping-wong/to4.wav,to,4
jyutping-wong/to5.wav,to,5
jyutping-wong/to6.wav,to,6
jyutping-wong/to7.wav,to,7
jyutping-wong/toe1.wav,toe,1
jyutping-wong/toe2.wav,toe,2
jyutping-wong/toe3.wav,toe,3
jyutping-wong/toe4.wav,toe,4
jyutping-wong/toe5.wav,toe,5
jyutping-wong/toe6.wav,toe,6
jyutping-wong/toe7.wav,toe,7
jyutping-wong/toi1.wav,toi,1
jyutping-wong/toi2.wav,toi,2
jyutping-wong/toi3.wav,toi,3
jyutping-wong/toi4.wav,toi,4
jyutping-wong/toi5.wav,toi,5
jyutping-wong/toi6.wav,toi,6
jyutping-wong/toi7.wav,toi,7
jyutping-wong/tok1.wav,tok,1
jyutping-wong/tok2.wav,tok,2
jyutping-wong/tok3.wav,tok,3
jyutping-wong/tok4.wav,tok,4
jyutping-wong/tok5.wav,tok,5
jyutping-wong/tok6.wav,tok,6
jyutping-wong/tok7.wav,tok,7
jyutping-wong/tong1.wav,tong,1
jyutping-wong/tong2.wav,tong,2
jyutping-wong/tong3.wav,tong,3
jyutping-wong/tong4.wav,tong,4
jyutping-wong/tong5.wav,tong,5
jyutping-wong/tong6.wav,tong,6
jyutping-wong/tong7.wav,tong,7
jyutping-wong/tou1.wav,tou,1
jyutping-wong/tou2.wav,tou,2
jyutping-wong/tou3.wav,tou,3
jyutping-wong/tou4.wav,tou,4
jyutping-wong/tou5.wav,tou,5
jyutping-wong/tou6.wav,tou,6
jyutping-wong/tou7.wav,tou,7
jyutping-wong/tuk1.wav,tuk,1
jyutping-wong/tuk2.wav,tuk,2
jyutping-wong/tuk3.wav,tuk,3
jyutping-wong/tuk4.wav,tuk,4
jyutping-wong/tuk5.wav,tuk,5
jyutping-wong/tuk6.wav,tuk,6
jyutping-wong/tuk7.wav,tuk,7
jyutping-wong/tung1.wav,tung,1
jyutping-wong/tung2.wav,tung,2
jyutping-wong/tung3.wav,tung,3
jyutping-wong/tung4.wav,tung,4
jyutping-wong/tung5.wav,tung,5
jyutping-wong/tung6.wav,tung,6
jyutping-wong/tung7.wav,tung,7
jyutping-wong/tyun1.wav,tyun,1
jyutping-wong/tyun2.wav,tyun,2
jyutping-wong/tyun3.wav,tyun,3
jyutping-wong/tyun4.wav,tyun,4
jyutping-wong/tyun5.wav,tyun,5
jyutping-wong/tyun6.wav,tyun,6
jyutping-wong/tyun7.wav,tyun,7
jyutping-wong/tyut1.wav,tyut,1
jyutping-wong/tyut2.wav,tyut,2
jyutping-wong/tyut3.wav,tyut,3
jyutping-wong/tyut4.wav,tyut,4
jyutping-wong/tyut5.wav,tyut,5
jyutping-wong/tyut6.wav,tyut,6
jyutping-wong/tyut7.wav,tyut,7
jyutping-wong/uk1.wav,uk,1
jyutping-wong/uk2.wav,uk,2
jyutping-wong/uk3.wav,uk,3
jyutping-wong/uk4.wav,uk,4
jyutping-wong/uk5.wav,uk,5
jyutping-wong/uk6.wav,uk,6
jyutping-wong/uk7.wav,uk,7
jyutping-wong/ung1.wav,ung,1
jyutping-wong/ung2.wav,ung,2
jyutping-wong/ung3.wav,ung,3
jyutping-wong/ung4.wav,ung,4
jyutping-wong/ung5.wav,ung,5
jyutping-wong/ung6.wav,ung,6
jyutping-wong/ung7.wav,ung,7
jyutping-wong/waa1.wav,waa,1
jyutping-wong/waa2.wav,waa,2
jyutping-wong/waa3.wav,waa,3
jyutping-wong/waa4.wav,waa,4
jyutping-wong/waa5.wav,waa,5
jyutping-wong/waa6.wav,waa,6
jyutping-wong/waa7.wav,waa,7
jyutping-wong/waai1.wav,waai,1
jyutping-wong/waai2.wav,waai,2
jyutping-wong/waai3.wav,waai,3
jyutping-wong/waai4.wav,waai,4
jyutping-wong/waai5.wav,waai,5
jyutping-wong/waai6.wav,waai,6
jyutping-wong/waai7.wav,waai,7
jyutping-wong/waak1.wav,waak,1
jyutping-wong/waak2.wav,waak,2
jyutping-wong/waak3.wav,waak,3
jyutping-wong/waak4.wav,waak,4
jyutping-wong/waak5.wav,waak,5
jyutping-wong/waak6.wav,waak,6
jyutping-wong/waak7.wav,waak,7
jyutping-wong/waan1.wav,waan,1
jyutping-wong/waan2.wav,waan,2
jyutping-wong/waan3.wav,waan,3
jyutping-wong/waan4.wav,waan,4
jyutping-wong/waan5.wav,waan,5
jyutping-wong/waan6.wav,waan,6
jyutping-wong/waan7.wav,waan,7
jyutping-wong/waang1.wav,waang,1
jyutping-wong/waang2.wav,waang,2
jyutping-wong/waang3.wav,waang,3
jyutping-wong/waang4.wav,waang,4
jyutping-wong/waang5.wav,waang,5
jyutping-wong/waang6.wav,waang,6
jyutping-wong/waang7.wav,waang,7
jyutping-wong/waat1.wav,waat,1
jyutping-wong/waat2.wav,waat,2
jyutping-wong/waat3.wav,waat,3
jyutping-wong/waat4.wav,waat,4
jyutping-wong/waat5.wav,waat,5
jyutping-wong/waat6.wav,waat,6
jyutping-wong/waat7.wav,waat,7
jyutping-wong/wai1.wav,wai,1
jyutping-wong/wai2.wav,wai,2
jyutping-wong/wai3.wav,wai,3
jyutping-wong/wai4.wav,wai,4
jyutping-wong/wai5.wav,wai,5
jyutping-wong/wai6.wav,wai,6
jyutping-wong/wai7.wav,wai,7
jyutping-wong/wak1.wav,wak,1
jyutping-wong/wak2.wav,wak,2
jyutping-wong/wak3.wav,wak,3
jyutping-wong/wak4.wav,wak,4
jyutping-wong/wak5.wav,wak,5
jyutping-wong/wak6.wav,wak,6
jyutping-wong/wak7.wav,wak,7
jyutping-wong/wan1.wav,wan,1
jyutping-wong/wan2.wav,wan,2
jyutping-wong/wan3.wav,wan,3
jyutping-wong/wan4.wav,wan,4
jyutping-wong/wan5.wav,wan,5
jyutping-wong/wan6.wav,wan,6
jyutping-wong/wan7.wav,wan,7
jyutping-wong/wang1.wav,wang,1
jyutping-wong/wang2.wav,wang,2
jyutping-wong/wang3.wav,wang,3
jyutping-wong/wang4.wav,wang,4
jyutping-wong/wang5.wav,wang,5
jyutping-wong/wang6.wav,wang,6
jyutping-wong/wang7.wav,wang,7
jyutping-wong/wat1.wav,wat,1
jyutping-wong/wat2.wav,wat,2
jyutping-wong/wat3.wav,wat,3
jyutping-wong/wat4.wav,wat,4
jyutping-wong/wat5.wav,wat,5
jyutping-wong/wat6.wav,wat,6
jyutping-wong/wat7.wav,wat,7
jyutping-wong/wau1.wav,wau,1
jyutping-wong/wau2.wav,wau,2
jyutping-wong/wau3.wav,wau,3
jyutping-wong/wau4.wav,wau,4
jyutping-wong/wau5.wav,wau,5
jyutping-wong/wau6.wav,wau,6
jyutping-wong/wau7.wav,wau,7
jyutping-wong/we1.wav,we,1
jyutping-wong/we2.wav,we,2
jyutping-wong/we3.wav,we,3
jyutping-wong/we4.wav,we,4
jyutping-wong/we5.wav,we,5
jyutping-wong/we6.wav,we,6
jyutping-wong/we7.wav,we,7
jyutping-wong/wen1.wav,wen,1
jyutping-wong/wen2.wav,wen,2
jyutping-wong/wen3.wav,wen,3
jyutping-wong/wen4.wav,wen,4
jyutping-wong/wen5.wav,wen,5
jyutping-wong/wen6.wav,wen,6
jyutping-wong/wen7.wav,wen,7
jyutping-wong/wet1.wav,wet,1
jyutping-wong/wet2.wav,wet,2
jyutping-wong/wet3.wav,wet,3
jyutping-wong/wet4.wav,wet,4
jyutping-wong/wet5.wav,wet,5
jyutping-wong/wet6.wav,wet,6
jyutping-wong/wet7.wav,wet,7
jyutping-wong/wi1.wav,wi,1
jyutping-wong/wi2.wav,wi,2
jyutping-wong/wi3.wav,wi,3
jyutping-wong/wi4.wav,wi,4
jyutping-wong/wi5.wav,wi,5
jyutping-wong/wi6.wav,wi,6
jyutping-wong/wi7.wav,wi,7
jyutping-wong/wik1.wav,wik,1
jyutping-wong/wik2.wav,wik,2
jyutping-wong/wik3.wav,wik,3
jyutping-wong/wik4.wav,wik,4
jyutping-wong/wik5.wav,wik,5
jyutping-wong/wik6.wav,wik,6
jyutping-wong/wik7.wav,wik,7
jyutping-wong/wing1.wav,wing,1
jyutping-wong/wing2.wav,wing,2
jyutping-wong/wing3.wav,wing,3
jyutping-wong/wing4.wav,wing,4
jyutping-wong/wing5.wav,wing,5
jyutping-wong/wing6.wav,wing,6
jyutping-wong/wing7.wav,wing,7
jyutping-wong/wo1.wav,wo,1
jyutping-wong/wo2.wav,wo,2
jyutping-wong/wo3.wav,wo,3
jyutping-wong/wo4.wav,wo,4
jyutping-wong/wo5.wav,wo,5
jyutping-wong/wo6.wav,wo,6
jyutping-wong/wo7.wav,wo,7
jyutping-wong/wok1.wav,wok,1
jyutping-wong/wok2.wav,wok,2
jyutping-wong/wok3.wav,wok,3
jyutping-wong/wok4.wav,wok,4
jyutping-wong/wok5.wav,wok,5
jyutping-wong/wok6.wav,wok,6
jyutping-wong/wok7.wav,wok,7
jyutping-wong/wong1.wav,wong,1
jyutping-wong/wong2.wav,wong,2
jyutping-wong/wong3.wav,wong,3
jyutping-wong/wong4.wav,wong,4
jyutping-wong/wong5.wav,wong,5
jyutping-wong/wong6.wav,wong,6
jyutping-wong/wong7.wav,wong,7
jyutping-wong/wu1.wav,wu,1
jyutping-wong/wu2.wav,wu,2
jyutping-wong/wu3.wav,wu,3
jyutping-wong/wu4.wav,wu,4
jyutping-wong/wu5.wav,wu,5
jyutping-wong/wu6.wav,wu,6
jyutping-wong/wu7.wav,wu,7
jyutping-wong/wui1.wav,wui,1
jyutping-wong/wui2.wav,wui,2
jyutping-wong/wui3.wav,wui,3
jyutping-wong/wui4.wav,wui,4
jyutping-wong/wui5.wav,wui,5
jyutping-wong/wui6.wav,wui,6
jyutping-wong/wui7.wav,wui,7
jyutping-wong/wun1.wav,wun,1
jyutping-wong/wun2.wav,wun,2
jyutping-wong/wun3.wav,wun,3
jyutping-wong/wun4.wav,wun,4
jyutping-wong/wun5.wav,wun,5
jyutping-wong/wun6.wav,wun,6
jyutping-wong/wun7.wav,wun,7
jyutping-wong/wut1.wav,wut,1
jyutping-wong/wut2.wav,wut,2
jyutping-wong/wut3.wav,wut,3
jyutping-wong/wut4.wav,wut,4
jyutping-wong/wut5.wav,wut,5
jyutping-wong/wut6.wav,wut,6
jyutping-wong/wut7.wav,wut,7
jyutping-wong/zaa1.wav,zaa,1
jyutping-wong/zaa2.wav,zaa,2
jyutping-wong/zaa3.wav,zaa,3
jyutping-wong/zaa4.wav,zaa,4
jyutping-wong/zaa5.wav,zaa,5
jyutping-wong/zaa6.wav,zaa,6
jyutping-wong/zaa7.wav,zaa,7
jyutping-wong/zaai1.wav,zaai,1
jyutping-wong/zaai2.wav,zaai,2
jyutping-wong/zaai3.wav,zaai,3
jyutping-wong/zaai4.wav,zaai,4
jyutping-wong/zaai5.wav,zaai,5
jyutping-wong/zaai6.wav,zaai,6
jyutping-wong/zaai7.wav,zaai,7
jyutping-wong/zaak1.wav,zaak,1
jyutping-wong/zaak2.wav,zaak,2
jyutping-wong/zaak3.wav,zaak,3
jyutping-wong/zaak4.wav,zaak,4
jyutping-wong/zaak5.wav,zaak,5
jyutping-wong/zaak6.wav,zaak,6
jyutping-wong/zaak7.wav,zaak,7
jyutping-wong/zaam1.wav,zaam,1
jyutping-wong/zaam2.wav,zaam,2
jyutping-wong/zaam3.wav,zaam,3
jyutping-wong/zaam4.wav,zaam,4
jyutping-wong/zaam5.wav,zaam,5
jyutping-wong/zaam6.wav,zaam,6
jyutping-wong/zaam7.wav,zaam,7
jyutping-wong/zaan1.wav,zaan,1
jyutping-wong/zaan2.wav,zaan,2
jyutping-wong/zaan3.wav,zaan,3
jyutping-wong/zaan4.wav,zaan,4
jyutping-wong/zaan5.wav,zaan,5
jyutping-wong/zaan6.wav,zaan,6
jyutping-wong/zaan7.wav,zaan,7
jyutping-wong/zaang1.wav,zaang,1
jyutping-wong/zaang2.wav,zaang,2
jyutping-wong/zaang3.wav,zaang,3
jyutping-wong/zaang4.wav,zaang,4
jyutping-wong/zaang5.wav,zaang,5
jyutping-wong/zaang6.wav,zaang,6
jyutping-wong/zaang7.wav,zaang,7
jyutping-wong/zaap1.wav,zaap,1
jyutping-wong/zaap2.wav,zaap,2
jyutping-wong/zaap3.wav,zaap,3
jyutping-wong/zaap4.wav,zaap,4
jyutping-wong/zaap5.wav,zaap,5
jyutping-wong/zaap6.wav,zaap,6
jyutping-wong/zaap7.wav,zaap,7
jyutping-wong/zaat1.wav,zaat,1
jyutping-wong/zaat2.wav,zaat,2
jyutping-wong/zaat3.wav,zaat,3
jyutping-wong/zaat4.wav,zaat,4
jyutping-wong/zaat5.wav,zaat,5
jyutping-wong/zaat6.wav,zaat,6
jyutping-wong/zaat7.wav,zaat,7
jyutping-wong/zaau1.wav,zaau,1
jyutping-wong/zaau2.wav,zaau,2
jyutping-wong/zaau3.wav,zaau,3
jyutping-wong/zaau4.wav,zaau,4
jyutping-wong/zaau5.wav,zaau,5
jyutping-wong/zaau6.wav,zaau,6
jyutping-wong/zaau7.wav,zaau,7
jyutping-wong/zai1.wav,zai,1
jyutping-wong/zai2.wav,zai,2
jyutping-wong/zai3.wav,zai,3
jyutping-wong/zai4.wav,zai,4
jyutping-wong/zai5.wav,zai,5
jyutping-wong/zai6.wav,zai,6
jyutping-wong/zai7.wav,zai,7
jyutping-wong/zak1.wav,zak,1
jyutping-wong/zak2.wav,zak,2
jyutping-wong/zak3.wav,zak,3
jyutping-wong/zak4.wav,zak,4
jyutping-wong/zak5.wav,zak,5
jyutping-wong/zak6.wav,zak,6
jyutping-wong/zak7.wav,zak,7
jyutping-wong/zam1.wav,zam,1
jyutping-wong/zam2.wav,zam,2
jyutping-wong/zam3.wav,zam,3
jyutping-wong/zam4.wav,zam,4
jyutping-wong/zam5.wav,zam,5
jyutping-wong/zam6.wav,zam,6
jyutping-wong/zam7.wav,zam,7
jyutping-wong/zan1.wav,zan,1
jyutping-wong/zan2.wav,zan,2
jyutping-wong/zan3.wav,zan,3
jyutping-wong/zan4.wav,zan,4
jyutping-wong/zan5.wav,zan,5
jyutping-wong/zan6.wav,zan,6
jyutping-wong/zan7.wav,zan,7
jyutping-wong/zang1.wav,zang,1
jyutping-wong/zang2.wav,zang,2
jyutping-wong/zang3.wav,zang,3
jyutping-wong/zang4.wav,zang,4
jyutping-wong/zang5.wav,zang,5
jyutping-wong/zang6.wav,zang,6
jyutping-wong/zang7.wav,zang,7
jyutping-wong/zap1.wav,zap,1
jyutping-wong/zap2.wav,zap,2
jyutping-wong/zap3.wav,zap,3
jyutping-wong/zap4.wav,zap,4
jyutping-wong/zap5.wav,zap,5
jyutping-wong/zap6.wav,zap,6
jyutping-wong/zap7.wav,zap,7
jyutping-wong/zat1.wav,zat,1
jyutping-wong/zat2.wav,zat,2
jyutping-wong/zat3.wav,zat,3
jyutping-wong/zat4.wav,zat,4
jyutping-wong/zat5.wav,zat,5
jyutping-wong/zat6.wav,zat,6
jyutping-wong/zat7.wav,zat,7
jyutping-wong/zau1.wav,zau,1
jyutping-wong/zau2.wav,zau,2
jyutping-wong/zau3.wav,zau,3
jyutping-wong/zau4.wav,zau,4
jyutping-wong/zau5.wav,zau,5
jyutping-wong/zau6.wav,zau,6
jyutping-wong/zau7.wav,zau,7
jyutping-wong/ze1.wav,ze,1
jyutping-wong/ze2.wav,ze,2
jyutping-wong/ze3.wav,ze,3
jyutping-wong/ze4.wav,ze,4
jyutping-wong/ze5.wav,ze,5
jyutping-wong/ze6.wav,ze,6
jyutping-wong/ze7.wav,ze,7
jyutping-wong/zek1.wav,zek,1
jyutping-wong/zek2.wav,zek,2
jyutping-wong/zek3.wav,zek,3
jyutping-wong/zek4.wav,zek,4
jyutping-wong/zek5.wav,zek,5
jyutping-wong/zek6.wav,zek,6
jyutping-wong/zek7.wav,zek,7
jyutping-wong/zeng1.wav,zeng,1
jyutping-wong/zeng2.wav,zeng,2
jyutping-wong/zeng3.wav,zeng,3
jyutping-wong/zeng4.wav,zeng,4
jyutping-wong/zeng5.wav,zeng,5
jyutping-wong/zeng6.wav,zeng,6
jyutping-wong/zeng7.wav,zeng,7
jyutping-wong/zeoi1.wav,zeoi,1
jyutping-wong/zeoi2.wav,zeoi,2
jyutping-wong/zeoi3.wav,zeoi,3
jyutping-wong/zeoi4.wav,zeoi,4
jyutping-wong/zeoi5.wav,zeoi,5
jyutping-wong/zeoi6.wav,zeoi,6
jyutping-wong/zeoi7.wav,zeoi,7
jyutping-wong/zeon1.wav,zeon,1
jyutping-wong/zeon2.wav,zeon,2
jyutping-wong/zeon3.wav,zeon,3
jyutping-wong/zeon4.wav,zeon,4
jyutping-wong/zeon5.wav,zeon,5
jyutping-wong/zeon6.wav,zeon,6
jyutping-wong/zeon7.wav,zeon,7
jyutping-wong/zeot1.wav,zeot,1
jyutping-wong/zeot2.wav,zeot,2
jyutping-wong/zeot3.wav,zeot,3
jyutping-wong/zeot4.wav,zeot,4
jyutping-wong/zeot5.wav,zeot,5
jyutping-wong/zeot6.wav,zeot,6
jyutping-wong/zeot7.wav,zeot,7
jyutping-wong/zi1.wav,zi,1
jyutping-wong/zi2.wav,zi,2
jyutping-wong/zi3.wav,zi,3
jyutping-wong/zi4.wav,zi,4
jyutping-wong/zi5.wav,zi,5
jyutping-wong/zi6.wav,zi,6
jyutping-wong/zi7.wav,zi,7
jyutping-wong/zik1.wav,zik,1
jyutping-wong/zik2.wav,zik,2
jyutping-wong/zik3.wav,zik,3
jyutping-wong/zik4.wav,zik,4
jyutping-wong/zik5.wav,zik,5
jyutping-wong/zik6.wav,zik,6
jyutping-wong/zik7.wav,zik,7
jyutping-wong/zim1.wav,zim,1
jyutping-wong/zim2.wav,zim,2
jyutping-wong/zim3.wav,zim,3
jyutping-wong/zim4.wav,zim,4
jyutping-wong/zim5.wav,zim,5
jyutping-wong/zim6.wav,zim,6
jyutping-wong/zim7.wav,zim,7
jyutping-wong/zin1.wav,zin,1
jyutping-wong/zin2.wav,zin,2
jyutping-wong/zin3.wav,zin,3
jyutping-wong/zin4.wav,zin,4
jyutping-wong/zin5.wav,zin,5
jyutping-wong/zin6.wav,zin,6
jyutping-wong/zin7.wav,zin,7
jyutping-wong/zing1.wav,zing,1
jyutping-wong/zing2.wav,zing,2
jyutping-wong/zing3.wav,zing,3
jyutping-wong/zing4.wav,zing,4
jyutping-wong/zing5.wav,zing,5
jyutping-wong/zing6.wav,zing,6
jyutping-wong/zing7.wav,zing,7
jyutping-wong/zip1.wav,zip,1
jyutping-wong/zip2.wav,zip,2
jyutping-wong/zip3.wav,zip,3
jyutping-wong/zip4.wav,zip,4
jyutping-wong/zip5.wav,zip,5
jyutping-wong/zip6.wav,zip,6
jyutping-wong/zip7.wav,zip,7
jyutping-wong/zit1.wav,zit,1
jyutping-wong/zit2.wav,zit,2
jyutping-wong/zit3.wav,zit,3
jyutping-wong/zit4.wav,zit,4
jyutping-wong/zit5.wav,zit,5
jyutping-wong/zit6.wav,zit,6
jyutping-wong/zit7.wav,zit,7
jyutping-wong/ziu1.wav,ziu,1
jyutping-wong/ziu2.wav,ziu,2
jyutping-wong/ziu3.wav,ziu,3
jyutping-wong/ziu4.wav,ziu,4
jyutping-wong/ziu5.wav,ziu,5
jyutping-wong/ziu6.wav,ziu,6
jyutping-wong/ziu7.wav,ziu,7
jyutping-wong/zo1.wav,zo,1
jyutping-wong/zo2.wav,zo,2
jyutping-wong/zo3.wav,zo,3
jyutping-wong/zo4.wav,zo,4
jyutping-wong/zo5.wav,zo,5
jyutping-wong/zo6.wav,zo,6
jyutping-wong/zo7.wav,zo,7
jyutping-wong/zoe1.wav,zoe,1
jyutping-wong/zoe2.wav,zoe,2
jyutping-wong/zoe3.wav,zoe,3
jyutping-wong/zoe4.wav,zoe,4
jyutping-wong/zoe5.wav,zoe,5
jyutping-wong/zoe6.wav,zoe,6
jyutping-wong/zoe7.wav,zoe,7
jyutping-wong/zoei1.wav,zoei,1
jyutping-wong/zoei2.wav,zoei,2
jyutping-wong/zoei3.wav,zoei,3
jyutping-wong/zoei4.wav,zoei,4
jyutping-wong/zoei5.wav,zoei,5
jyutping-wong/zoei6.wav,zoei,6
jyutping-wong/zoei7.wav,zoei,7
jyutping-wong/zoek1.wav,zoek,1
jyutping-wong/zoek2.wav,zoek,2
jyutping-wong/zoek3.wav,zoek,3
jyutping-wong/zoek4.wav,zoek,4
jyutping-wong/zoek5.wav,zoek,5
jyutping-wong/zoek6.wav,zoek,6
jyutping-wong/zoek7.wav,zoek,7
jyutping-wong/zoeng1.wav,zoeng,1
jyutping-wong/zoeng2.wav,zoeng,2
jyutping-wong/zoeng3.wav,zoeng,3
jyutping-wong/zoeng4.wav,zoeng,4
jyutping-wong/zoeng5.wav,zoeng,5
jyutping-wong/zoeng6.wav,zoeng,6
jyutping-wong/zoeng7.wav,zoeng,7
jyutping-wong/zoi1.wav,zoi,1
jyutping-wong/zoi2.wav,zoi,2
jyutping-wong/zoi3.wav,zoi,3
jyutping-wong/zoi4.wav,zoi,4
jyutping-wong/zoi5.wav,zoi,5
jyutping-wong/zoi6.wav,zoi,6
jyutping-wong/zoi7.wav,zoi,7
jyutping-wong/zok1.wav,zok,1
jyutping-wong/zok2.wav,zok,2
jyutping-wong/zok3.wav,zok,3
jyutping-wong/zok4.wav,zok,4
jyutping-wong/zok5.wav,zok,5
jyutping-wong/zok6.wav,zok,6
jyutping-wong/zok7.wav,zok,7
jyutping-wong/zong1.wav,zong,1
jyutping-wong/zong2.wav,zong,2
jyutping-wong/zong3.wav,zong,3
jyutping-wong/zong4.wav,zong,4
jyutping-wong/zong5.wav,zong,5
jyutping-wong/zong6.wav,zong,6
jyutping-wong/zong7.wav,zong,7
jyutping-wong/zou1.wav,zou,1
jyutping-wong/zou2.wav,zou,2
jyutping-wong/zou3.wav,zou,3
jyutping-wong/zou4.wav,zou,4
jyutping-wong/zou5.wav,zou,5
jyutping-wong/zou6.wav,zou,6
jyutping-wong/zou7.wav,zou,7
jyutping-wong/zui1.wav,zui,1
jyutping-wong/zui2.wav,zui,2
jyutping-wong/zui3.wav,zui,3
jyutping-wong/zui4.wav,zui,4
jyutping-wong/zui5.wav,zui,5
jyutping-wong/zui6.wav,zui,6
jyutping-wong/zui7.wav,zui,7
jyutping-wong/zuk1.wav,zuk,1
jyutping-wong/zuk2.wav,zuk,2
jyutping-wong/zuk3.wav,zuk,3
jyutping-wong/zuk4.wav,zuk,4
jyutping-wong/zuk5.wav,zuk,5
jyutping-wong/zuk6.wav,zuk,6
jyutping-wong/zuk7.wav,zuk,7
jyutping-wong/zung1.wav,zung,1
jyutping-wong/zung2.wav,zung,2
jyutping-wong/zung3.wav,zung,3
jyutping-wong/zung4.wav,zung,4
jyutping-wong/zung5.wav,zung,5
jyutping-wong/zung6.wav,zung,6
jyutping-wong/zung7.wav,zung,7
jyutping-wong/zyu1.wav,zyu,1
jyutping-wong/zyu2.wav,zyu,2
jyutping-wong/zyu3.wav,zyu,3
jyutping-wong/zyu4.wav,zyu,4
jyutping-wong/zyu5.wav,zyu,5
jyutping-wong/zyu6.wav,zyu,6
jyutping-wong/zyu7.wav,zyu,7
jyutping-wong/zyun1.wav,zyun,1
jyutping-wong/zyun2.wav,zyun,2
jyutping-wong/zyun3.wav,zyun,3
jyutping-wong/zyun4.wav,zyun,4
jyutping-wong/zyun5.wav,zyun,5
jyutping-wong/zyun6.wav,zyun,6
jyutping-wong/zyun7.wav,zyun,7
jyutping-wong/zyut1.wav,zyut,1
jyutping-wong/zyut2.wav,zyut,2
jyutping-wong/zyut3.wav,zyut,3
jyutping-wong/zyut4.wav,zyut,4
jyutping-wong/zyut5.wav,zyut,5
jyutping-wong/zyut6.wav,zyut,6
jyutping-wong/zyut7.wav,zyut,7
